timestamp,rainfall_intensity,cumulative_rainfall,rainfall_duration,temperature,humidity,wind_speed,hour,day,month,season,heat_index,temp_change,humidity_change,wind_speed_change,temp_ma_24h,humidity_ma_24h,wind_speed_ma_24h,rain_intensity_category,comfort_index
2025-10-18 16:37:34.516571,0.0,0.0,0,21.663301287100275,61.90675470549739,3.915637730531816,16,18,10,4,24.2596822766958,1.553129294270434,2.3862292343705036,0.16302590169657405,25.251532678096794,59.502818800858314,4.8945483458252825,None,28.62054950909299
2025-10-18 17:37:34.516571,0.0,0.0,0,23.21643058137071,64.2929839398679,4.07866363222839,17,18,10,4,24.635345654197515,1.553129294270434,2.3862292343705036,0.16302590169657405,25.251532678096794,59.502818800858314,4.8945483458252825,None,30.080377746200046
2025-10-18 18:37:34.516571,0.0,0.0,0,19.061051228130097,65.71280021792982,2.5365823071875377,18,18,10,4,19.061051228130097,-4.155379353240612,1.41981627806193,-1.5420813250408525,25.251532678096794,59.502818800858314,4.8945483458252825,None,28.737049218006486
2025-10-18 19:37:34.516571,0.0,0.0,0,19.238911361414143,49.8350324153992,4.018518029818766,19,18,10,4,19.238911361414143,0.17786013328404593,-15.877767802530627,1.4819357226312286,25.251532678096794,59.502818800858314,4.8945483458252825,None,23.766261799363075
2025-10-18 20:37:34.516571,0.0,0.0,0,18.64421074040896,64.16931287432969,2.359925116909912,20,18,10,4,18.64421074040896,-0.5947006210051846,14.334280458930493,-1.6585929129088544,25.251532678096794,59.502818800858314,4.8945483458252825,None,28.100914209121402
2025-10-18 21:37:34.516571,0.0,0.0,0,18.63985869139668,58.9739455389384,4.183506904539513,21,18,10,4,18.63985869139668,-0.00435204901227948,-5.195367335391289,1.823581787629601,25.251532678096794,59.502818800858314,4.8945483458252825,None,26.175411626471956
2025-10-18 22:37:34.516571,5.751396036691344,5.751396036691344,1,21.41123455094963,62.05461294854933,2.8490064225776965,22,18,10,4,24.215490996942517,2.7713758595529505,3.080667409610925,-1.3345004819618165,25.251532678096794,59.502818800858314,4.8945483458252825,Moderate,28.752199875524074
2025-10-18 23:37:34.516571,3.728880519450721,9.480276556142066,2,22.50539707427557,65.51365624054075,4.773395911057139,23,18,10,4,24.200597161202957,1.0941625233259415,3.459043291991428,1.9243894884794424,25.251532678096794,59.502818800858314,4.8945483458252825,Moderate,29.95211622708858
2025-10-19 00:37:34.516571,2.5583127000579555,12.03858925620002,3,24.97300555052413,54.7114453552205,5.822544912103189,0,19,10,4,25.930682860560545,2.467608476248561,-10.802210885320257,1.0491490010460502,25.251532678096794,59.502818800858314,4.8945483458252825,Moderate,27.735427399407573
2025-10-19 01:37:34.516571,6.763522077897221,18.80211133409724,4,31.850721308617484,65.19174148610402,5.736276406258904,1,19,10,4,38.337058838189634,6.877715758093352,10.480296130883524,-0.08626850584428514,25.251532678096794,59.502818800858314,4.8945483458252825,Moderate,34.33562781888817
2025-10-19 02:37:34.516571,3.5603115832105825,22.362422917307825,5,27.26870343522352,56.99448152205356,4.521478009632572,2,19,10,4,28.187498187211368,-4.582017873393962,-8.19725996405046,-1.2147983966263318,25.251532678096794,59.502818800858314,4.8945483458252825,Moderate,29.828400572301316
2025-10-19 03:37:34.516571,5.268857765256044,27.63128068256387,6,25.842177711210045,53.47572332620482,5.283661257691528,3,19,10,4,26.558036408707103,-1.4265257240134765,-3.51875819584874,0.7621832480589559,25.251532678096794,59.502818800858314,4.8945483458252825,Moderate,27.90707360192816
2025-10-19 04:37:34.516571,6.862560238232398,34.493840920796266,7,27.976283018310276,60.46030523285102,7.763050330064828,4,19,10,4,29.46566103515308,2.1341053071002314,6.9845819066461985,2.4793890723732996,25.251532678096794,59.502818800858314,4.8945483458252825,Moderate,30.57362301299748
2025-10-19 05:37:34.516571,0.0,34.493840920796266,0,29.41529735123619,53.984835546208,5.423698363030653,5,19,10,4,30.784894426603536,1.4390143329259146,-6.475469686643024,-2.339351967034175,25.251532678096794,59.502818800858314,4.8945483458252825,None,29.818359666874365
2025-10-19 06:37:34.516571,0.0,34.493840920796266,0,32.19929395156964,51.468325129969855,5.803793375919329,6,19,10,4,35.10552892307497,2.7839966003334524,-2.516510416238141,0.38009501288867664,25.251532678096794,59.502818800858314,4.8945483458252825,None,30.379385839591908
2025-10-19 07:37:34.516571,0.0,34.493840920796266,0,31.4992199699062,58.585029442777646,5.894021776062655,7,19,10,4,35.547726207842324,-0.7000739816634436,7.116704312807791,0.09022840014332623,25.251532678096794,59.502818800858314,4.8945483458252825,None,32.146314462573855
2025-10-19 08:37:34.516571,0.0,34.493840920796266,0,29.178519528865824,59.20890181618876,8.270087374034848,8,19,10,4,31.21216584601013,-2.320700441040376,0.6238723734111105,2.3760655979721923,25.251532678096794,59.502818800858314,4.8945483458252825,None,30.697912834482565
2025-10-19 09:37:34.516571,0.0,34.493840920796266,0,35.28012641318608,53.276725631103474,6.015575172357893,9,19,10,4,42.73296153790458,6.101606884320258,-5.932176185085282,-2.2545122016769543,25.251532678096794,59.502818800858314,4.8945483458252825,None,32.4199658614525
2025-10-19 10:37:34.516571,0.0,34.493840920796266,0,27.378271825050508,58.93523534119085,5.7009926495341325,10,19,10,4,28.482630691285273,-7.901854588135574,5.6585097100873725,-0.31458252282376087,25.251532678096794,59.502818800858314,4.8945483458252825,None,30.229507984975683
2025-10-19 11:37:34.516571,0.0,34.493840920796266,0,28.10116020676429,59.31854452000318,4.983221636531537,11,19,10,4,29.522372784102856,0.7228883817137834,0.3833091788123326,-0.7177710130025954,25.251532678096794,59.502818800858314,4.8945483458252825,None,30.849499132076794
2025-10-19 12:37:34.516571,0.0,34.493840920796266,0,22.009892258371327,55.95753198553406,4.498242956415464,12,19,10,4,24.70860540144192,-6.091267948392964,-3.3610125344691184,-0.4849786801160736,25.251532678096794,59.502818800858314,4.8945483458252825,None,26.892557133562786
2025-10-19 13:37:34.516571,0.0,34.493840920796266,0,24.70880143753701,66.56739039996769,4.739478779851238,13,19,10,4,25.701044993681208,2.698909179165682,10.609858414433631,0.24123582343577432,25.251532678096794,59.502818800858314,4.8945483458252825,None,31.376722082788564
2025-10-19 14:37:34.516571,0.0,34.493840920796266,0,23.12902579172634,61.9853877467402,4.96864499053289,14,19,10,4,24.714299443771203,-1.5797756458106669,-4.582002653227491,0.22916621068165188,25.251532678096794,59.502818800858314,4.8945483458252825,None,29.16640022177865
2025-10-19 15:37:34.516571,0.0,34.493840920796266,0,20.84588900117811,65.48694785742951,3.329156254934352,15,19,10,4,23.815521699206712,-2.2831367905482303,3.5015601106893115,-1.6394887355985377,25.251532678096794,59.502818800858314,4.8945483458252825,None,29.403197606831043
2025-10-19 16:37:34.516571,0.0,34.493840920796266,1,19.934221532812288,64.0786775966762,3.5290044646110124,16,19,10,4,19.934221532812288,-0.9116674683658239,-1.4082702607533122,0.19984820967666028,25.1794876883348,59.593315587990766,4.878438626411916,None,28.4849131524868
2025-10-19 17:37:34.516571,4.677428576667982,39.17126949746425,2,20.86140675633219,60.92019522096574,2.779011490951921,17,19,10,4,24.30618493558633,0.9271852235199027,-3.158482375710463,-0.7499929736590913,25.081361695624853,59.452782724703184,4.824286453858729,Moderate,28.15095964626543
2025-10-19 18:37:34.516571,4.96289839097672,44.13416788844097,3,20.80810171362908,72.43092950605265,3.174577812831839,18,19,10,4,22.83188858890953,-0.05330504270311209,11.510734285086912,0.3955663218799179,25.15415546585398,59.732704778374966,4.850869599927242,Moderate,31.49841414606397
2025-10-19 19:37:34.516571,0.0,44.13416788844097,0,16.82336162457421,57.53511830668892,2.0755621680186724,19,19,10,4,16.82336162457421,-3.984740089054867,-14.895811199363727,-1.0990156448131665,25.053507560152315,60.05354169051204,4.769913105685572,None,25.257103870690045
2025-10-19 20:37:34.516571,0.0,44.13416788844097,0,20.790333400959863,74.91428677377975,3.0755882276500004,20,19,10,4,22.408158313542753,3.966971776385652,17.379168467090828,1.000026059631328,25.14292933767527,60.50124893632245,4.799732401966408,None,32.25433508708386
2025-10-19 21:37:34.516571,0.0,44.13416788844097,0,22.06756077873449,63.82042516449287,3.5784062876823315,21,19,10,4,24.18476178882561,1.2772273777746257,-11.093861609286883,0.5028180600323311,25.28575025798101,60.703185587387225,4.7745198762640255,None,29.464226681178637
2025-10-19 22:37:34.516571,0.0,44.13416788844097,0,24.78564562903004,65.25966516343387,4.791031947043046,22,19,10,4,25.789345714049794,2.7180848502955506,1.439239998940998,1.2126256593607145,25.426350719567697,60.83672942967408,4.855437606450082,None,31.01251597413657
2025-10-19 23:37:34.516571,0.0,44.13416788844097,0,21.887129864897915,67.80248366469851,5.87468766328686,23,19,10,4,23.747876736855925,-2.8985157641321244,2.542818501264648,1.0836557162438138,25.40058958584363,60.932097239013984,4.901324762792987,None,30.10937249920114
2025-10-20 00:37:34.516571,0.0,44.13416788844097,0,23.01892734973862,57.16851135198614,5.099651365087642,0,20,10,4,24.88658715114984,1.1317974848407069,-10.633972312712373,-0.7750362981992183,25.319169660810896,61.034474988879225,4.871204198334007,None,27.640086807447624
2025-10-20 01:37:34.516571,0.0,44.13416788844097,0,25.287143917280204,59.269264593393125,5.152098793372499,1,20,10,4,26.22638330909004,2.2682165675415824,2.1007532414069843,0.05244742828485727,25.045687269505176,60.7877051183496,4.8468634644637385,None,29.393931577983537
2025-10-20 02:37:34.516571,0.0,44.13416788844097,0,25.37539257254779,60.86796215317591,5.080575765766197,2,20,10,4,26.329944850804104,0.0882486552675843,1.598697559782785,-0.07152302760630214,24.966799316893688,60.949100144646366,4.87015920430264,None,29.931969779073427
2025-10-20 03:37:34.516571,0.0,44.13416788844097,0,31.635402715967817,55.937357661557286,5.528701188544247,3,20,10,4,35.137792008598055,6.260010143420029,-4.930604491618624,0.44812542277805,25.208183692091932,61.05166824195272,4.880369201421503,None,31.493168418742243
2025-10-20 04:37:34.516571,0.0,44.13416788844097,0,30.95716145366153,51.247602206476905,6.959510742173007,4,20,10,4,32.79340107692367,-0.6782412623062868,-4.68975545508038,1.4308095536287606,25.332386960231563,60.6678056158538,4.846888385259344,None,29.460959240339236
2025-10-20 05:37:34.516571,0.0,44.13416788844097,0,32.4439146400102,55.47976773198833,6.725984935482631,5,20,10,4,36.72250741315899,1.4867531863486683,4.2321655255114266,-0.23352580669037604,25.45857934726381,60.73009445692798,4.901150325778176,None,31.52069065250507
2025-10-20 06:37:34.516571,0.0,44.13416788844097,0,30.51976558849685,60.90911435888656,5.763049289121918,6,20,10,4,34.058156925987355,-1.92414905151335,5.42934662689823,-0.9629356463607133,25.388598998802447,61.1234606747995,4.899452655494952,None,32.38000724409001
2025-10-20 07:37:34.516571,5.586144946597362,49.720312835038335,1,27.188715905276787,60.19042674868852,8.148922449558247,7,20,10,4,28.33806238194685,-3.331049683220062,-0.7186876101980388,2.3858731604363292,25.20899466277622,61.190352229212465,4.993406850223934,Moderate,30.0217014873333
2025-10-20 08:37:34.516571,6.469002129760091,56.18931496479843,2,27.90142418286946,66.73079634437046,7.205883728480665,8,20,10,4,30.07123386644417,0.7127082775926716,6.540369595681938,-0.9430387210775821,25.15578235669304,61.50376450122004,4.949065031659177,Moderate,32.52877424904973
2025-10-20 09:37:34.516571,6.926752258488643,63.11606722328707,3,26.62653938200989,54.12278253312071,5.2837855092525645,9,20,10,4,27.294730397834684,-1.2748848008595672,-12.608013811249748,-1.9220982192281006,24.795216230394036,61.53901687213742,4.918573795696455,Moderate,28.493347349090644
2025-10-20 10:37:34.516571,0.0,63.11606722328707,0,28.325561853873,62.61030079997245,7.896792982653947,10,20,10,4,30.274779694445467,1.6990224718631097,8.487518266851737,2.6130074734013826,24.834686648261638,61.69214459958665,5.010065476243113,None,31.366512570397447
2025-10-20 11:37:34.516571,0.0,63.11606722328707,0,23.55435311208001,55.36463911722614,6.396311638395938,11,20,10,4,25.14570519103635,-4.771208741792993,-7.245661682746309,-1.5004813442580094,24.64523635264979,61.52739854113761,5.068944226320797,None,27.107305963528656
2025-10-20 12:37:34.516571,0.0,63.11606722328707,0,24.52081098361238,60.065009459389536,6.453534077157316,12,20,10,4,25.614750116098733,0.9664578715323735,4.700370342163396,0.05722243876137867,24.749857966201503,61.69854343588158,5.15041468968504,None,28.989201514191585
2025-10-20 13:37:34.516571,6.954360001626147,70.07042722491322,1,20.8930942401243,60.60380885483352,3.519346283728832,13,20,10,4,24.33428056961882,-3.627716743488083,0.5387993954439807,-2.9341877934284843,24.590870166309305,61.450060871500995,5.09957583567994,Moderate,27.923820519766437
2025-10-20 14:37:34.516571,0.0,70.07042722491322,0,20.35821500387777,63.91236207621593,3.77653721467415,14,20,10,4,24.022511724726726,-0.5348792362465282,3.308553221382411,0.25719093094531775,24.475419716815612,61.53035146856248,5.049904678352493,None,28.59750868186883
2025-10-20 15:37:34.516571,0.0,70.07042722491322,0,22.89246708225145,61.50065839915134,4.326127255574645,15,20,10,4,24.634982145106566,2.5342520783736795,-2.4117036770645868,0.5495900409004948,24.560693803527005,61.36425607446756,5.0914451367125055,None,29.0312056097562
2025-10-20 16:37:34.516571,0.0,70.07042722491322,0,18.976285544941,55.02384008792399,2.821434240364102,16,20,10,4,18.976285544941,-3.9161815373104503,-6.476818311227348,-1.5046930152105427,24.52077980403237,60.98697117826955,5.061963044035551,None,25.431007950774877
2025-10-20 17:37:34.516571,0.0,70.07042722491322,0,21.88316845720161,66.44832368068697,3.1606272189729605,17,20,10,4,23.887136146941675,2.9068829122606097,11.424483592762975,0.33919297860885855,24.56335320823526,61.21730986409127,5.077863699369761,None,30.243955889012305
2025-10-20 18:37:34.516571,0.0,70.07042722491322,0,18.23228512759773,63.76862552972764,3.058208718446,18,20,10,4,18.23228512759773,-3.6508833296038787,-2.679698150959325,-0.10241850052696044,24.45602751715062,60.856380531744385,5.073014987103684,None,27.635088479027953
2025-10-20 19:37:34.516571,0.0,70.07042722491322,0,17.88443027289341,67.26001326716947,4.134346891519601,19,20,10,4,17.88443027289341,-0.34785485470431965,3.4913877374418263,1.076138173073601,24.500238710830587,61.26158448843108,5.158797683916222,None,28.293349738293625
2025-10-20 20:37:34.516571,0.0,70.07042722491322,0,17.914534245163626,57.9089510117777,3.782984459639783,20,20,10,4,17.914534245163626,0.030103972270214996,-9.351062255391767,-0.3513624318798181,24.380413746005743,60.553028831681,5.188272526915797,None,25.573355534187165
2025-10-20 21:37:34.516571,0.0,70.07042722491322,0,22.49203799589168,62.24097941588883,4.457700426439297,21,20,10,4,24.43796365167077,4.577503750728052,4.332028404111128,0.6747159667995142,24.398100296720628,60.487218592155834,5.224909782697337,None,29.02677273742463
2025-10-20 22:37:34.516571,0.0,70.07042722491322,0,23.64178102138633,67.177828200903,4.954001763493201,22,20,10,4,24.757427579112534,1.1497430254946508,4.936848785014163,0.4963013370539038,24.350439271402138,60.56714205205037,5.231700191716094,None,30.983438618265424
2025-10-20 23:37:34.516571,4.029272904341793,74.09970012925501,1,25.00868727709899,55.01363027700749,2.9815935165877825,23,20,10,4,25.958282631414484,1.3669062557126601,-12.1641979238955,-1.9724082469054185,24.480504163577184,60.03427316089658,5.111154602270299,Moderate,28.412114018334186
2025-10-21 00:37:34.516571,0.0,74.09970012925501,0,25.163748278772644,71.57329283336755,3.132734807408252,0,21,10,4,26.18150480728475,0.15506100167365489,16.559662556360053,0.15114129082046945,24.569871702286935,60.634472389287474,5.029199745700324,None,33.42731502791493
2025-10-21 01:37:34.516571,0.0,74.09970012925501,0,25.46503161473282,59.624536427396514,4.6245178165758185,1,21,10,4,26.391473500115495,0.301283335960175,-11.948756405971032,1.4917830091675666,24.577283689680797,60.64927538237095,5.007217205000463,None,29.694973172270203
2025-10-21 02:37:34.516571,0.0,74.09970012925501,0,26.830365505210533,54.92348145370016,6.679597748934675,2,21,10,4,27.5488235626296,1.3653338904777144,-4.701054973696351,2.055079932358857,24.63790756187507,60.40158868655946,5.073843120965816,None,28.55630763892838
2025-10-21 03:37:34.516571,0.0,74.09970012925501,0,33.31360582071766,67.09574844804303,7.777649053324799,3,21,10,4,43.19742882533019,6.483240315507128,12.172266994342863,1.0980513043901237,24.707832691239656,60.86652163599636,5.1675492819983395,None,35.22999763410678
2025-10-21 04:37:34.516571,0.0,74.09970012925501,0,30.98765897413194,47.27621085535865,6.9185051223383045,4,21,10,4,32.08181881419908,-2.3259468465857225,-19.819537592684377,-0.8591439309864946,24.709103421259254,60.701046996366436,5.165840714505227,None,28.2929917192059
2025-10-21 05:37:34.516571,0.0,74.09970012925501,0,28.940631643006974,48.75656072568013,6.160032574821381,5,21,10,4,29.436923017823013,-2.0470273311249656,1.4803498703214828,-0.7584725475169236,24.56313329638412,60.42091337110359,5.142259366144341,None,27.86527752424325
2025-10-21 06:37:34.516571,0.0,74.09970012925501,0,33.32260346121631,54.625273444195216,6.346670767426288,6,21,10,4,38.428815240412206,4.381971818209337,5.868712718515084,0.18663819260490744,24.67991820774743,60.15908666632479,5.166576927740356,None,31.779549610381462
2025-10-21 07:37:34.516571,0.0,74.09970012925501,0,31.720392511620474,63.43425679799717,7.309147918038546,7,21,10,4,37.45046980741232,-1.602210949595836,8.808983353801956,0.9624771506122576,24.868738066345085,60.29424625171265,5.131586322260369,None,33.42864371160168
2025-10-21 08:37:34.516571,0.0,74.09970012925501,0,32.632828991881176,49.80507395887662,6.247816734702626,8,21,10,4,35.50897472967939,0.9124364802607019,-13.629182839120553,-1.0613311833359198,25.065879933387237,59.58900781898374,5.0916668641862834,None,30.00837333666305
2025-10-21 09:37:34.516571,0.0,74.09970012925501,0,28.0607499835194,67.23870805880188,6.394771421473547,9,21,10,4,30.418619785846772,-4.572079008361776,17.433634099925257,0.14695468677092105,25.12563870845013,60.13550471588712,5.137957943862157,None,32.92303312510555
2025-10-21 10:37:34.516571,0.0,74.09970012925501,0,25.63481668687784,57.2371592430342,4.752216818035151,10,21,10,4,26.49074533585491,-2.42593329664156,-10.001548815767677,-1.6425546034383958,25.013524326492004,59.91162381768135,5.0069339370030415,None,29.03811275274215
2025-10-21 11:37:34.516571,0.0,74.09970012925501,0,29.38023052923077,65.83986190044861,5.389225943665334,11,21,10,4,32.74881658006789,3.745413842352928,8.602702657414412,0.6370091256301826,25.256269218873285,60.34809143364896,4.9649720330559335,None,33.364228646016905
2025-10-21 12:37:34.516571,0.0,74.09970012925501,0,24.068670457490907,65.8158187607748,5.010233061019587,12,21,10,4,25.14681426095665,-5.311560071739862,-0.024043139673807445,-0.37899288264574693,25.237430030284894,60.58770848787335,4.904834490716861,None,30.777034244773976
2025-10-21 13:37:34.516571,0.0,74.09970012925501,0,23.30098972282429,61.08094017089336,5.129524606582002,13,21,10,4,24.840973066560032,-0.7676807346666159,-4.73487858988144,0.11929154556241528,25.337759008730725,60.607588959375846,4.971925254169077,None,28.948871991363752
2025-10-21 14:37:34.516571,0.0,74.09970012925501,0,22.75218965564806,69.43008408072676,2.762184501173152,14,21,10,4,23.999095104359938,-0.5488000671762308,8.349143909833394,-2.3673401054088505,25.437507952554487,60.837494042897134,4.929660557773201,None,31.652683151807423
2025-10-21 15:37:34.516571,0.0,74.09970012925501,0,22.83816311959921,62.47618242175837,4.02511357773034,15,21,10,4,24.55558436075937,0.08597346395114869,-6.953901658968391,1.2629290765571883,25.435245287443973,60.87814087717242,4.917118321196355,None,29.356913570781042
2025-10-21 16:37:34.516571,6.769980934373331,80.86968106362835,1,20.452877203950784,64.00303555002849,2.6452496726105297,16,21,10,4,24.00274914996241,-2.3852859156484243,1.526853128270119,-1.3798639051198105,25.496769939902716,61.25227402142678,4.909777297539956,Moderate,28.898299332461832
2025-10-21 17:37:34.516571,6.799199750866501,87.66888081449486,2,19.241311371264725,59.78659165433581,2.712659706505504,17,21,10,4,19.241311371264725,-1.211565832686059,-4.216443895692677,0.06741003389497413,25.38669256132201,60.97470185366214,4.891111984520479,Moderate,27.014101240632
2025-10-21 18:37:34.516571,0.0,87.66888081449486,0,20.61459904175322,67.06431059419481,3.629628841923612,18,21,10,4,23.60732300918525,1.3732876704884944,7.277718939859,0.9169691354181082,25.48595564107849,61.11202206468161,4.9149211563320465,None,29.700666930750327
2025-10-21 19:37:34.516571,0.0,87.66888081449486,0,21.273844889484806,59.34713768922978,1.2804767354900812,19,21,10,4,24.437328654575882,0.6592458477315866,-7.717172904965025,-2.3491521064335306,25.627181250103135,60.7823189156008,4.796009899830817,None,28.184968404413322
2025-10-21 20:37:34.516571,0.0,87.66888081449486,0,18.2287327725141,65.33356311720351,3.0657565399972286,20,21,10,4,18.2287327725141,-3.0451121169707065,5.986425427973728,1.7852798045071474,25.640272855409403,61.091677753326856,4.766125403179044,None,28.101284013418656
2025-10-21 21:37:34.516571,0.0,87.66888081449486,0,24.570185645745912,59.92373096618826,3.177871084855609,21,21,10,4,25.6521604727663,6.3414528732318125,-5.409832151015252,0.11211454485838024,25.726862340819995,60.99512573458933,4.7127991806130565,None,29.626637895758314
2025-10-21 22:37:34.516571,0.0,87.66888081449486,0,23.02324611194493,68.02739403577165,4.021003841632759,22,21,10,4,24.27890876498961,-1.546939533800984,8.10366306958339,0.8431327567771505,25.701090052926602,61.0305243110422,4.673924267202204,None,31.115640498377406
2025-10-21 23:37:34.516571,0.0,87.66888081449486,0,23.227455178747885,65.04633069064684,4.211321447506414,23,21,10,4,24.59860405612533,0.20420906680295658,-2.9810633451248094,0.19031760587365465,25.62687204882864,61.44855349494384,4.725162930990481,None,30.28536250706671
2025-10-22 00:37:34.516571,0.0,87.66888081449486,0,23.77381063418325,60.48497982496359,5.595157025436913,0,22,10,4,25.11690669661327,0.5463554554353642,-4.561350865683252,1.3838355779304994,25.56895798030408,60.98654045292701,4.827763856741675,None,28.913367859493317
2025-10-22 01:37:34.516571,0.0,87.66888081449486,0,22.71000502524217,56.9896753057429,6.722561011983616,1,22,10,4,24.797803430248226,-1.0638056089410775,-3.4953045192206886,1.1274039865467023,25.454165205741972,60.87675457285811,4.915182323217,None,27.107392901947236
2025-10-22 02:37:34.516571,3.601706843816165,91.27058765831102,1,25.106679061572954,61.62059908526078,6.62834550926428,2,22,10,4,26.090480311616076,2.396674036330783,4.630923779517879,-0.09421550271933565,25.382344937257074,61.1558011408398,4.913046813230734,Moderate,29.713850154511853
2025-10-22 03:37:34.516571,3.349005606414977,94.619593264726,2,28.51789981344112,47.42859091328896,8.184645078939813,3,22,10,4,28.791625466172555,3.4112207518681643,-14.192008171971821,1.5562995696755326,25.18252385362055,60.33633624355838,4.930004980964692,Moderate,26.850598164919283
2025-10-22 04:37:34.516571,4.13339318619488,98.75298645092089,3,28.687355335616203,59.46658106002481,6.168326254764902,4,22,10,4,30.441092800611738,0.16945552217508464,12.03799014673585,-2.0163188241749106,25.086677868682397,60.84426833541948,4.898747528149134,Moderate,30.949986734862563
2025-10-22 05:37:34.516571,0.0,98.75298645092089,0,30.237274586500277,59.89776853420543,7.804393244008616,5,22,10,4,33.26883064786986,1.5499192508840736,0.431187474180625,1.636066989243714,25.140704657994615,61.30848532744136,4.967262556031936,None,31.527089204710048
2025-10-22 06:37:34.516571,0.0,98.75298645092089,0,27.10383131700535,49.962681128117225,6.281555778747564,6,22,10,4,27.513514880966326,-3.1334432694949257,-9.935087406088208,-1.522837465261052,24.881589151985825,61.11421064760478,4.964549431503656,None,27.28440884118833
2025-10-22 07:37:34.516571,0.0,98.75298645092089,0,29.402734828021647,46.9168428462721,8.501883933120808,7,22,10,4,29.79778053448892,2.298903511016295,-3.0458382818451284,2.2203281543732443,24.785020081835878,60.42598506628289,5.014246765465416,None,27.07604348126829
2025-10-22 08:37:34.516571,4.422682722159723,103.1756691730806,1,29.292094603116816,52.38927696545764,6.713537671576487,8,22,10,4,30.371118883298102,-0.11064022490483083,5.472434119185543,-1.788346261544321,24.64582281563736,60.5336601915571,5.033651804501827,Moderate,29.020122856880402
2025-10-22 09:37:34.516571,5.177746012263487,108.35341518534408,2,31.077810357894567,61.73299516376055,6.9069000461735,9,22,10,4,35.45796414231144,1.7857157547777511,9.34371819830291,0.19336237459701255,24.77153366456966,60.304255487597054,5.054990497197658,Moderate,32.67742371884074
2025-10-22 10:37:34.516571,0.0,108.35341518534408,0,28.880287983422225,56.49389764057082,6.224092481810417,10,22,10,4,30.33217547296764,-2.197522374472342,-5.239097523189727,-0.6828075643630829,24.906761635259006,60.273286254161086,5.1163186498549615,None,30.14349478752028
2025-10-22 11:37:34.516571,0.0,108.35341518534408,0,26.3192800270762,61.59167980333026,5.5719886681436135,11,22,10,4,27.348524411402266,-2.5610079563460246,5.097782162759437,-0.6521038136668036,24.779222031002565,60.09627866678115,5.12393376337489,None,30.522746220908456
2025-10-22 12:37:34.516571,0.0,108.35341518534408,0,27.90228721559008,64.79635413042604,7.153182457511557,12,22,10,4,29.843006764113838,1.5830071885138786,3.2046743270957805,1.5811937893679433,24.938956062590034,60.053800973849945,5.2132233215620545,None,31.959413355420537
2025-10-22 13:37:34.516571,0.0,108.35341518534408,0,22.171209648711297,60.22179745716001,5.458671036276061,13,22,10,4,24.483364130101563,-5.731077566878781,-4.574556673266031,-1.6945114212354957,24.891881892835325,60.018003360777726,5.226937756132641,None,28.06040985424844
2025-10-22 14:37:34.516571,0.0,108.35341518534408,0,20.82055631563845,58.503036772779886,1.876104275690194,14,22,10,4,24.520905677090145,-1.3506533330728487,-1.718760684380122,-3.582566760585867,24.811397170334924,59.5627097229466,5.190017746737517,None,27.58596833451515
2025-10-22 15:37:34.516571,0.0,108.35341518534408,0,20.412956050705745,52.55778775823855,3.948262896432208,15,22,10,4,24.97734590052439,-0.40760026493270374,-5.945249014541339,2.072158620742014,24.710346875797697,59.14944327863328,5.186815635016762,None,25.18416177353799
2025-10-22 16:37:34.516571,0.0,108.35341518534408,0,18.87304363838109,65.05767206888585,1.947715985410481,16,22,10,4,18.87304363838109,-1.5399124123246537,12.499884310647303,-2.0005469110217273,24.64452047723229,59.193386466919,5.157751731383427,None,28.564280242774203
2025-10-22 17:37:34.516571,0.0,108.35341518534408,0,23.833288400263367,62.52972189990767,2.785927158434653,17,22,10,4,25.087566209957004,4.960244761882276,-2.5279501689781796,0.8382111730241719,24.83585285344057,59.3076835604845,5.160804541880474,None,30.118375338417053
2025-10-22 18:37:34.516571,0.0,108.35341518534408,0,16.573730941818244,69.76936187082707,2.885460154747382,18,22,10,4,16.573730941818244,-7.259557458445123,7.239639970919399,0.09953299631272916,24.667483349276612,59.42039403034417,5.129797513248132,None,28.640582001207765
2025-10-22 19:37:34.516571,0.0,108.35341518534408,0,22.646003492501578,62.354634158422925,3.0126633891241896,19,22,10,4,24.48593159769067,6.0722725506833335,-7.414727712404144,0.12720323437680747,24.72465662440231,59.54570638322722,5.201971957149553,None,29.42685931595283
2025-10-22 20:37:34.516571,0.0,108.35341518534408,0,20.680360380514177,62.83297918017703,2.8178837209518792,20,22,10,4,24.12103736057672,-1.9656431119874007,0.47834502175410165,-0.1947796681723104,24.826807774735652,59.44151538585112,5.191643923022663,None,28.626497200119818
2025-10-22 21:37:34.516571,0.0,108.35341518534408,0,22.71016595876226,55.27836976585036,4.12127824760211,21,22,10,4,24.867677211079837,2.0298055782480837,-7.55460941432667,1.3033945266502305,24.749306954444663,59.24795866917037,5.230952554803767,None,27.114338259615817
2025-10-22 22:37:34.516571,0.0,108.35341518534408,0,19.431771658528756,67.88838410949255,4.332314011979591,22,22,10,4,19.431771658528756,-3.2783943002335043,12.610014343642192,0.21103576437748117,24.599662185552322,59.24216658890874,5.243923811901552,None,29.21593825971622
2025-10-22 23:37:34.516571,0.0,108.35341518534408,0,22.208931701374286,61.35076447637704,6.033624764527928,23,22,10,4,24.414777420708933,2.77716004284553,-6.537619633115511,1.7013107525483369,24.55722370732842,59.088184663314166,5.319853116777448,None,28.302970240694666
2025-10-23 00:37:34.516571,0.0,108.35341518534408,0,29.12149584976397,68.77670421221602,4.751035851520927,0,23,10,4,32.76223374541197,6.912564148389684,7.4259397358389805,-1.2825889130070012,24.780043924644286,59.43367317944969,5.2846814011976155,None,34.24355201824261
2025-10-23 01:37:34.516571,0.0,108.35341518534408,0,28.237237127421317,66.66876873411483,6.395463258685155,1,23,10,4,30.664043768702115,-0.8842587223426541,-2.107935478101183,1.6444274071642289,25.01034526223508,59.836968738965176,5.271052328143512,None,32.84015653220808
2025-10-23 02:37:34.516571,0.0,108.35341518534408,0,29.616848973699177,49.70630256788443,4.816741487334225,2,23,10,4,30.453823621484947,1.3796118462778608,-16.962466166230406,-1.5787217713509305,25.198269008573675,59.340539717407836,5.195568827229761,None,28.756966959748073
2025-10-23 03:37:34.516571,0.0,108.35341518534408,0,24.457069550412537,58.87935175230747,4.243347734242684,3,23,10,4,25.580729519467845,-5.15977942328664,9.173049184423043,-0.5733937530915405,25.029067747614153,59.81765475236694,5.031348104534048,None,29.043670754049973
2025-10-23 04:37:34.516571,0.0,108.35341518534408,0,32.58735811006478,50.50141649757223,5.028668368213722,4,23,10,4,35.60756852323782,8.13028855965224,-8.377935254735242,0.7853206339710379,25.191567863216175,59.44410622893141,4.983862359261081,None,30.438370330661314
2025-10-23 05:37:34.516571,0.0,108.35341518534408,0,29.7185337336521,57.07122682276344,7.334970979663714,5,23,10,4,31.775855037330594,-2.8688243764126753,6.569810325191213,2.3063026114499916,25.169953661014166,59.326333657621326,4.9643030982467105,None,30.513640717722343
2025-10-23 06:37:34.516571,0.0,108.35341518534408,0,27.39106099899029,60.348362744150194,7.366598246096848,6,23,10,4,28.621093528579507,-2.3274727346618107,3.2771359213867512,0.031627266433134515,25.18192156443021,59.75907039162271,5.00951320105293,None,30.326719673520834
2025-10-23 07:37:34.516571,0.0,108.35341518534408,0,27.94986955879063,60.839062679191805,6.641159344547093,7,23,10,4,29.46812415124225,0.5588085598003403,0.49069993504161147,-0.7254389015497553,25.12138551154558,60.33916288466103,4.931983009862359,None,30.898421714243433
2025-10-23 08:37:34.516571,0.0,108.35341518534408,0,27.35867492625111,59.9221563662359,6.201793189196437,8,23,10,4,28.540684790390166,-0.5911946325395228,-0.9169063129559021,-0.4393661553506565,25.040826358342844,60.65303285969346,4.910660323096524,None,30.415625735157036
2025-10-23 09:37:34.516571,0.0,108.35341518534408,0,26.94978824140805,50.708235310277736,6.222680738459802,9,23,10,4,27.412388998267122,-0.4088866848430577,-9.213921055958167,0.020887549263365557,24.868825436822572,60.19366786579834,4.882151185275119,None,27.442828566095386
2025-10-23 10:37:34.516571,0.0,108.35341518534408,0,31.429450265832777,58.67631775985864,5.300274492007414,10,23,10,4,35.42201455912228,4.4796620244247265,7.968082449580905,-0.9224062464523879,24.97504053192301,60.28460203743533,4.843658769033328,None,32.2575655624725
2025-10-23 11:37:34.516571,0.0,108.35341518534408,0,26.72205504698105,63.48031418769499,4.897274367669491,11,23,10,4,27.958695000580427,-4.707395218851726,4.803996427836346,-0.40300012433792354,24.991822824419046,60.363295136783854,4.81554567318024,None,31.42566690626512
2025-10-23 12:37:34.516571,0.0,108.35341518534408,0,23.938997704778945,57.1209087967766,4.724948302848356,12,23,10,4,25.291272165194265,-2.783057342202106,-6.35940539091839,-0.1723260648211351,24.826685761468582,60.043484914548465,4.714369250069272,None,28.16078183085278
2025-10-23 13:37:34.516571,0.0,108.35341518534408,0,19.102062445016227,57.64383622186484,2.29023185355298,13,23,10,4,19.102062445016227,-4.836935259762718,0.5229274250882412,-2.4347164492953755,24.698804627981286,59.936069863077826,4.582350950789144,None,26.386135718356968
2025-10-23 14:37:34.516571,0.0,108.35341518534408,0,23.653113926111534,63.05625077271768,7.078880808455239,14,23,10,4,24.95337752944227,4.551051481095307,5.412414550852844,4.788648954902259,24.816827861750998,60.12578711307524,4.799133306321021,None,29.32765603318002
2025-10-23 15:37:34.516571,0.0,108.35341518534408,0,23.70361591693642,69.74025739452868,1.1290393807634267,15,23,10,4,24.670386706411726,0.0505019908248876,6.684006621811001,-5.949841427691812,24.95393868951061,60.84172334792066,4.681665659834822,None,32.54807730067413
2025-10-23 16:37:34.516571,0.0,108.35341518534408,0,19.157171490509203,55.48680766336494,2.621376308188597,16,23,10,4,19.157171490509203,-4.546444426427218,-14.253449731163741,1.4923369274251703,24.96577735001595,60.44293733102396,4.709734839950577,None,25.700352782626368
2025-10-23 17:37:34.516571,0.0,108.35341518534408,0,18.007274861325868,63.988891141522686,3.978712469792944,17,23,10,4,18.007274861325868,-1.1498966291833348,8.502083478157743,1.357336161604347,24.723026785893552,60.50373604942458,4.759434227923839,None,27.40456227916115
2025-10-23 18:37:34.516571,0.0,108.35341518534408,0,19.984054717366764,70.39972069445012,3.0773683076476184,18,23,10,4,19.984054717366764,1.9767798560408956,6.410829552927439,-0.9013441621453255,24.865123609874743,60.53000100040888,4.767430400961349,None,30.496469905488897
2025-10-23 19:37:34.516571,0.0,108.35341518534408,0,18.44780246589813,60.69525468449958,4.650186530385643,19,23,10,4,18.44780246589813,-1.5362522514686354,-9.704466009950544,1.5728182227380243,24.6901985670996,60.46086018899541,4.8356605318472425,None,26.50244033222181
2025-10-23 20:37:34.516571,0.0,108.35341518534408,0,18.918636474308293,55.68407755653163,4.194126739962764,20,23,10,4,18.918636474308293,0.470834008410165,-5.011177127967947,-0.4560597904228789,24.61679340434102,60.16298928801018,4.893003990972696,None,25.325716156121082
2025-10-23 21:37:34.516571,0.0,108.35341518534408,0,25.283299375007523,62.25977500164071,3.713151916164061,21,23,10,4,26.26135506170275,6.36466290069923,6.575697445109078,-0.4809748237987028,24.724007296684572,60.45388117283478,4.875998727162778,None,30.576951804763162
2025-10-23 22:37:34.516571,0.0,108.35341518534408,0,21.198714861756343,59.06437308117652,3.40760607576113,22,23,10,4,24.45895029481902,-4.08458451325118,-3.1954019204641924,-0.30554584040293076,24.797629930152386,60.08621404665495,4.837469229820342,None,27.6371481400789
2025-10-23 23:37:34.516571,0.0,108.35341518534408,0,21.97792323512776,48.26265952699649,5.167004111350125,23,23,10,4,24.973228279110728,0.7792083733714179,-10.801713554180033,1.7593980355889949,24.78800457739212,59.54087634043076,4.801360035937933,None,24.4343586533928
2025-10-24 00:37:34.516571,0.0,108.35341518534408,0,24.52210390626718,55.46218168979201,4.423228669431667,0,24,10,4,25.64186628490278,2.5441806711394186,7.199522162795525,-0.7437754419184577,24.596363246413087,58.98610456866309,4.787701403350881,None,28.01506072618486
2025-10-24 01:37:34.516571,0.0,108.35341518534408,0,27.804877677164114,61.86512591284432,5.7251415753641774,1,24,10,4,29.361352447543872,3.2827737708969345,6.402944223052309,1.30191290593251,24.578348269319033,58.78595278444349,4.759771333212507,None,31.316948297362515
2025-10-24 02:37:34.516571,0.0,108.35341518534408,0,24.16118943775726,61.21680096189967,5.337376241054153,2,24,10,4,25.342585100590842,-3.643688239406856,-0.648324950944648,-0.387765334310024,24.35102912198812,59.26555688419412,4.781464447950837,None,29.3781597592377
2025-10-24 03:37:34.516571,0.0,108.35341518534408,0,29.676731243119058,59.2774664053739,3.673258717913393,3,24,10,4,32.09503774170927,5.515541805361799,-1.9393345565257718,-1.6641175231407606,24.56851502585089,59.28214499473856,4.757710738937116,None,31.88695379958902
2025-10-24 04:37:34.516571,0.0,108.35341518534408,0,29.849572022365155,52.88034066312464,7.370643266346251,4,24,10,4,31.2820277519464,0.17284077924609775,-6.3971257422492585,3.6973845484328582,24.45444060553007,59.381266834969914,4.8552930263593055,None,29.31475955685072
2025-10-24 05:37:34.516571,3.2791732694320954,111.63258845477615,1,26.506589006907426,71.02110963857805,5.320846042622915,5,24,10,4,28.11547069986794,-3.3429830154577296,18.140768975453412,-2.0497972237233357,24.320609575249048,59.96251195229552,4.771371153982606,Moderate,33.495458186502546
2025-10-24 06:37:34.516571,0.0,111.63258845477615,0,29.23088891154035,62.0314640460722,6.423108130476852,6,24,10,4,31.769253618400867,2.7242999046329253,-8.989645592505852,1.1022620878539362,24.397269071605297,60.03264117320893,4.7320590658317725,None,31.940262043496464
2025-10-24 07:37:34.516571,0.0,111.63258845477615,0,32.042287341102224,60.960413267639474,6.208512570126903,7,24,10,4,37.46872214435521,2.811398429561873,-1.0710507784327277,-0.21459556034994876,24.567786479201615,60.03769744772759,4.714032116897598,None,33.06756513681758
2025-10-24 08:37:34.516571,0.0,111.63258845477615,0,34.197823175727024,60.28728442454938,6.529005421525885,8,24,10,4,42.85233490158675,2.1555358346248,-0.6731288430900975,0.3204928513989822,24.852750989596444,60.052911116823985,4.727665959911325,None,33.87929583092315
2025-10-24 09:37:34.516571,0.0,111.63258845477615,0,28.874992474713487,58.3256492521686,6.902257641751844,9,24,10,4,30.58041831354167,-5.322830701013537,-1.961635172380774,0.37325222022595916,24.932967832650842,60.37030336440276,4.7559816642151596,None,30.554739484656952
2025-10-24 10:37:34.516571,0.0,111.63258845477615,0,30.660268190150404,60.18801331037601,5.588123033877532,10,24,10,4,34.1811314778993,1.7852757154369172,1.8623640582074046,-1.314134607874312,24.900918579497404,60.433290679007655,4.7679753534597475,None,32.2689134814125
2025-10-24 11:37:34.516571,0.0,111.63258845477615,0,25.65713820421193,57.62825775936072,6.06112124316882,11,24,10,4,26.52070602197439,-5.003129985938475,-2.559755551015286,0.4729982092912879,24.856547044382026,60.18945499449373,4.81646897327222,None,28.90482218128042
2025-10-24 12:37:34.516571,0.0,111.63258845477615,0,27.0698418541612,64.35562351715846,4.673976467832159,12,24,10,4,28.50556466862058,1.4127036499492718,6.727365757797742,-1.3871447753366608,24.98699888393962,60.490901441176305,4.814345146813212,None,31.90681268866171
2025-10-24 13:37:34.516571,0.0,111.63258845477615,0,23.205659572338373,67.28171930111905,3.80594888931092,13,24,10,4,24.447005571123448,-3.8641822818228277,2.926095783960591,-0.8680275785212395,25.157982097578046,60.89247990281191,4.877500023303126,None,31.02615579864272
2025-10-24 14:37:34.516571,0.0,111.63258845477615,0,18.039340184748223,61.59209189594776,5.676437312275284,14,24,10,4,18.039340184748223,-5.16631938759015,-5.689627405171294,1.870488422964364,24.924074858354572,60.83147328294649,4.8190648776289615,None,26.362010198703384
2025-10-24 15:37:34.516571,0.0,111.63258845477615,0,20.98610876200693,66.23684522228467,4.478197257442117,15,24,10,4,23.73353105587866,2.9467685772587053,4.644753326336911,-1.1982400548331666,24.81084539356584,60.68549777576965,4.958613122490573,None,29.46846849620044
2025-10-24 16:37:34.516571,0.0,111.63258845477615,0,20.861113872856595,55.20514498245411,4.411703235638052,16,24,10,4,24.752023471816475,-0.12499488915033297,-11.031700239830563,-0.06649402180406483,24.881842992830315,60.6737618307317,5.033210077800967,None,26.10975978403692
2025-10-24 17:37:34.516571,0.0,111.63258845477615,0,21.18912710122687,69.13441275502582,4.034070355381454,17,24,10,4,23.394923678780813,0.32801322837027413,13.929267772571713,-0.37763288025659847,25.014420169492862,60.888158564627666,5.035516656367155,None,30.528073306044888
2025-10-24 18:37:34.516571,0.0,111.63258845477615,0,20.164109742305595,60.70319550229878,2.1501556305352083,18,24,10,4,24.41261665237987,-1.025017358921275,-8.431217252727038,-1.8839147248462456,25.021922462198642,60.48413668162136,4.996882794820805,None,27.86298239573539
2025-10-24 19:37:34.516571,0.0,111.63258845477615,0,23.189913493473902,64.90794987910182,2.720621613648908,19,24,10,4,24.58501088432441,3.025803751168308,4.204754376803038,0.5704659831136998,25.219510421680965,60.65966564806312,4.916484256623441,None,30.523217387737713
2025-10-24 20:37:34.516571,0.0,111.63258845477615,0,22.328150350248347,61.24870153488646,2.2891854766488158,20,24,10,4,24.454183973914752,-0.8617631432255557,-3.6592483442153636,-0.4314361370000923,25.361573499845136,60.89152498049457,4.83711170398536,None,29.08084854026035
2025-10-24 21:37:34.516571,0.0,111.63258845477615,0,20.60965020916831,59.35809147682462,4.549636756342267,21,24,10,4,24.47044886984567,-1.7185001410800353,-1.8906100580618386,2.260451279693451,25.16683811793517,60.770621500293906,4.871965238992785,None,27.202325196363088
2025-10-24 22:37:34.516571,0.0,111.63258845477615,0,24.447114895040244,63.567174516118506,5.876795812558065,22,24,10,4,25.51130176460485,3.8374646858719323,4.209083039293887,1.3271590562157982,25.302188119321997,60.95823822674981,4.974848144692657,None,30.11835063984406
2025-10-24 23:37:34.516571,0.0,111.63258845477615,0,21.58913396879329,58.21188526045049,4.65295611337582,23,24,10,4,24.534634200116617,-2.8579809262469524,-5.355289255668019,-1.2238396991822444,25.28598856655806,61.37278929897707,4.953429478110395,None,27.327541339856626
2025-10-25 00:37:34.516571,0.0,111.63258845477615,0,26.671130796699806,63.27182828177029,4.944415329089545,0,25,10,4,27.878054214305873,5.081996827906515,5.059943021319803,0.2914592157137248,25.375531353659422,61.69819124030949,4.975145588929473,None,31.32823081706308
2025-10-25 01:37:34.516571,0.0,111.63258845477615,0,26.655156909123463,72.44140078168519,5.314791870534889,1,25,10,4,28.45400136886531,-0.01597388757634377,9.1695724999149,0.37037654144534393,25.32762632165773,62.13886935984453,4.958047684561586,None,33.99704031496031
2025-10-25 02:37:34.516571,0.0,111.63258845477615,0,27.59383086990052,59.046973973024464,6.725766623898692,2,25,10,4,28.778582999512544,0.9386739607770558,-13.394426808660725,1.4109747533638028,25.470653047997033,62.04845990197473,5.015897283846775,None,30.16585430207786
2025-10-25 03:37:34.516571,0.0,111.63258845477615,0,28.969255979898616,60.08926298300772,6.664457494946744,3,25,10,4,30.995108584763106,1.3754251099980976,1.0422890099832571,-0.06130912895194829,25.44117491202951,62.08228475937614,5.140530566223164,None,31.178515385862276
2025-10-25 04:37:34.516571,0.0,111.63258845477615,0,27.050618162608774,65.36785692184367,6.220835131137692,4,25,10,4,28.55815469237665,-1.9186378172898415,5.278593938835947,-0.44362236380905173,25.324551834539662,62.60259793682277,5.092621893922808,None,31.89149913162995
2025-10-25 05:37:34.516571,0.0,111.63258845477615,0,29.64917380333292,61.00758885921506,9.470542754315623,5,25,10,4,32.36278473432619,2.598555640724147,-4.360268062628606,3.2497076231779314,25.455492867724058,62.185367904349306,5.2655259235766705,None,31.232755008567857
2025-10-25 06:37:34.516571,0.0,111.63258845477615,0,31.04790533421559,56.20996050710505,6.57311893005258,6,25,10,4,34.032158181505,1.3987315308826673,-4.79762835211001,-2.8974238242630435,25.53120188533553,61.94280525689234,5.271776373558993,None,31.072317033228792
2025-10-25 07:37:34.516571,0.0,111.63258845477615,0,31.53412210950588,45.49853565124214,6.70197208113175,7,25,10,4,32.59934714687477,0.4862167752902913,-10.711424855862909,0.12885315107916995,25.51002833401901,61.298560356209116,5.2923371865175275,None,28.076227333899233
2025-10-25 08:37:34.516571,0.0,111.63258845477615,0,30.586407045883533,55.72300029219604,8.40107233285827,8,25,10,4,33.05524599479329,-0.947715063622347,10.224464640953897,1.6991002517265201,25.3595526619422,61.1083818506944,5.37033997448971,None,30.329889144028925
2025-10-25 09:37:34.516571,0.0,111.63258845477615,0,26.28469589043896,57.1334963227927,6.407560107741857,9,25,10,4,27.102886178357387,-4.301711155444572,1.4104960305966614,-1.9935122251164126,25.25162363759743,61.058708811970405,5.349727577239295,None,29.00088482050892
2025-10-25 10:37:34.516571,0.0,111.63258845477615,0,24.86170990959611,57.34532734895661,6.696206364813419,10,25,10,4,25.870182609008985,-1.4229859808428493,0.2118310261639067,0.28864625707156133,25.010017042574333,60.94026356357792,5.39589771602829,None,28.295211886522356
2025-10-25 11:37:34.516571,0.0,111.63258845477615,0,24.259710884421825,61.80688940793305,4.718527519379777,11,25,10,4,25.399669792356608,-0.6019990251742868,4.46156205897644,-1.9776788454336414,24.951790904249748,61.11437321560177,5.339956310870413,None,29.728216760714872
2025-10-25 12:37:34.516571,3.43491258953104,115.0675010443072,1,24.67092868390061,72.8667990162493,5.059218434014488,12,25,10,4,25.5461757716895,0.41121779947878423,11.059909608316254,0.3406909146347106,24.85183618882222,61.469005528063896,5.356008059461343,Moderate,33.183660360022195
2025-10-25 13:37:34.516571,0.0,115.0675010443072,0,25.05446571198095,60.202237037892445,4.637398533390477,13,25,10,4,26.03578786878228,0.3835370280803403,-12.664561978356858,-0.4218199006240111,24.92886977797399,61.17402710042944,5.390651794631324,None,29.660424260680113
2025-10-25 14:37:34.516571,0.0,115.0675010443072,0,22.434493459568003,58.782876144331176,3.2871542173228363,14,25,10,4,24.635100412461746,-2.6199722524129463,-1.4193608935612687,-1.3502443160676405,25.112001164424814,61.05697644411209,5.291098332341639,None,28.194678729618786
2025-10-25 15:37:34.516571,0.0,115.0675010443072,0,21.67732654945106,69.06423168876108,0.9264350805775332,15,25,10,4,23.535172196281327,-0.7571669101169434,10.281355544429907,-2.360719136745303,25.140801905568324,61.17478421354861,5.143108241638949,None,31.37264576523835
