timestamp,event_time,alert_level,magnitude_mms,richter_scale,event_type,risk_score,station_id,location,reason
2025-05-04 07:46:26.403866,2025-05-04 07:46:26.464622,WARNING,1.626657129137208,0.041644502185750304,Minor Event,0.9135545560441828,1,"(67.2, 192.8, -52.4)",Low b-value indicates high stress (0.30)
2025-05-05 17:18:24.722346,2025-05-05 17:18:24.763386,WARNING,0.6082677353841238,0.2664733975072182,Minor Event,1.017269299300996,6,"(57.8, 78.3, -52.6)",Low b-value indicates high stress (0.38)
2025-05-05 20:57:36.461864,2025-05-05 20:57:36.538813,WARNING,0.8373874570759335,-0.15163710991973234,Microseismic,0.2560952743468654,1,"(80.0, 204.3, -32.9)",Low b-value indicates high stress (0.17)
2025-05-06 07:45:57.696985,2025-05-06 07:45:57.751845,WARNING,0.1266205604333864,-0.848573788696945,Microseismic,-1.3837166302085655,2,"(320.1, 168.5, -36.6)",Low b-value indicates high stress (-0.24)
2025-05-06 17:19:36.674261,2025-05-06 17:19:36.770764,WARNING,2.5737784881875054,0.8489116235162508,Minor Event,2.7706552866400895,4,"(267.9, -86.6, -49.9)",Low b-value indicates high stress (0.16)
2025-05-07 06:20:28.098801,2025-05-07 06:20:28.162177,WARNING,0.7284085963682296,0.2702411929742736,Minor Event,0.9835703142321388,1,"(94.6, 219.0, -52.5)",Low b-value indicates high stress (0.19)
2025-05-08 14:52:38.745026,2025-05-08 14:52:38.783415,WARNING,4.810942369669343,0.8064681504294221,Minor Event,3.382579658659624,3,"(351.9, 12.7, -47.6)",Low b-value indicates high stress (0.30)
2025-05-09 19:25:39.471664,2025-05-09 19:25:39.485977,WARNING,3.9154397947945103,0.29732514365669016,Minor Event,2.1614776939481195,2,"(309.6, 186.7, -34.6)",Low b-value indicates high stress (0.27)
2025-05-10 02:37:47.260284,2025-05-10 02:37:47.332509,WARNING,4.681071815558156,0.8642937484574719,Minor Event,3.6521408472167605,4,"(307.1, -85.6, -32.3)",Low b-value indicates high stress (0.35)
2025-05-11 08:23:49.059909,2025-05-11 08:23:49.132519,WARNING,0.9725467378694446,0.08087338673323058,Minor Event,0.9657866138136051,4,"(315.6, -88.2, -45.8)",Low b-value indicates high stress (0.25)
2025-05-12 02:37:14.916733,2025-05-12 02:37:14.961817,CRITICAL,34.689232010175616,1.4391973889115288,Moderate Event,14.787130401617997,1,"(110.5, 184.1, -43.4)",Extreme risk score (14.79)
2025-05-14 02:34:53.542386,2025-05-14 02:34:53.601093,WARNING,1.574298751482775,-0.2700661787291819,Microseismic,1.4020699413807265,3,"(345.1, 44.5, -67.0)",Low b-value indicates high stress (0.18)
2025-05-16 00:05:04.653977,2025-05-16 00:05:04.753664,CRITICAL,36.16282884871765,1.1253388733437157,Moderate Event,15.581966824004509,3,"(351.2, 54.0, -41.4)",Extreme risk score (15.58)
2025-05-16 10:46:34.280841,2025-05-16 10:46:34.324917,WARNING,0.06779806471571032,-1.2680196419432086,Background Noise,-0.1614235698641562,6,"(42.9, 84.8, -60.7)",Low b-value indicates high stress (0.00)
2025-05-16 21:14:06.267236,2025-05-16 21:14:06.286847,CRITICAL,36.076685714704126,1.3964978789254752,Moderate Event,16.88938436656152,5,"(123.0, -110.0, -62.5)",Extreme risk score (16.89)
2025-05-18 05:48:03.322531,2025-05-18 05:48:03.351846,WARNING,3.452583282319277,0.9344799818370945,Minor Event,6.136347330262691,2,"(266.6, 215.3, -57.4)",Low b-value indicates high stress (0.17)
2025-05-18 19:38:28.007144,2025-05-18 19:38:28.036591,CRITICAL,5.291952276718788,1.0234711749754122,Moderate Event,6.993822040907572,1,"(99.4, 245.6, -77.8)",Extreme risk score (6.99)
2025-05-19 16:53:52.247930,2025-05-19 16:53:52.316248,WARNING,3.4811399004675003,0.8643053530253676,Minor Event,5.237995940798791,5,"(119.8, -92.8, -53.5)",Low b-value indicates high stress (0.17)
2025-05-19 21:31:33.996518,2025-05-19 21:31:34.021591,WARNING,1.4642813082809905,0.23891889677204634,Minor Event,3.3963935787263533,1,"(146.0, 163.2, -62.8)",Low b-value indicates high stress (0.13)
2025-05-20 00:14:31.449893,2025-05-20 00:14:31.485460,WARNING,0.6324672382846099,0.02008393922069318,Minor Event,1.7096618655422733,3,"(347.4, 61.1, -57.5)",Low b-value indicates high stress (0.06)
2025-05-20 07:04:56.949417,2025-05-20 07:04:56.984571,CRITICAL,12.012815651654345,1.177930870721707,Moderate Event,7.75792938064683,1,"(85.9, 214.2, -55.6)",Extreme risk score (7.76)
2025-05-20 17:10:59.909324,2025-05-20 17:10:59.963514,WARNING,1.2567207351563328,0.47218461662108135,Minor Event,2.119902368584516,5,"(136.1, -101.4, -51.6)",Low b-value indicates high stress (0.09)
2025-05-21 00:50:42.179431,2025-05-21 00:50:42.279366,WARNING,0.36743986837801196,-0.6219588666547429,Microseismic,-0.4200765876166312,5,"(172.1, -136.4, -45.8)",Low b-value indicates high stress (-0.04)
2025-05-21 23:15:42.348819,2025-05-21 23:15:42.437319,WARNING,0.079245477990494,-1.1965400610032164,Background Noise,-1.8134613150896006,1,"(126.0, 240.8, -45.1)",Low b-value indicates high stress (-0.19)
2025-05-22 04:31:28.178029,2025-05-22 04:31:28.185032,WARNING,1.3413867336603682,-0.3629605595260966,Microseismic,0.18614875141113313,5,"(109.7, -91.8, -29.0)",Low b-value indicates high stress (-0.19)
2025-05-24 04:18:38.011937,2025-05-24 04:18:38.022984,WARNING,0.32845986888917017,-0.6872095643534162,Microseismic,-0.8160579333384049,6,"(31.6, 48.2, -48.6)",Low b-value indicates high stress (-0.21)
2025-05-24 22:26:21.039069,2025-05-24 22:26:21.137302,WARNING,0.2620990455257947,-0.19733558246953198,Microseismic,0.13671841152392616,3,"(348.1, 51.1, -28.6)",Low b-value indicates high stress (-0.20)
2025-05-26 04:24:24.855684,2025-05-26 04:24:24.938305,WARNING,3.0597322850283586,0.2020074520602168,Minor Event,1.5166523197430546,1,"(123.9, 192.5, -61.7)",Low b-value indicates high stress (-0.17)
2025-05-26 10:45:36.882139,2025-05-26 10:45:36.891288,CRITICAL,14.22574295846558,1.5305358199003707,Moderate Event,7.906803100387254,3,"(346.4, 14.8, -40.7)",Extreme risk score (7.91)
2025-05-27 04:40:56.380822,2025-05-27 04:40:56.391769,WARNING,4.898816876080133,0.7614101472068203,Minor Event,3.6894995790206426,2,"(300.7, 202.1, -43.7)",Low b-value indicates high stress (-0.02)
2025-05-28 17:54:57.860710,2025-05-28 17:54:57.879632,WARNING,0.7745912116261613,0.27070969802057543,Minor Event,1.4877236413568815,5,"(116.7, -117.1, -39.9)",Low b-value indicates high stress (0.00)
2025-05-29 23:23:48.825978,2025-05-29 23:23:48.851958,WARNING,3.5772023104405406,0.8333888977332592,Minor Event,3.5184717346050896,6,"(93.3, 103.7, -57.4)",Low b-value indicates high stress (0.02)
2025-05-30 09:21:44.171186,2025-05-30 09:21:44.242043,WARNING,0.7988865870766424,-0.12394098194154493,Microseismic,0.7905852525409528,6,"(40.4, 82.6, -51.3)",Low b-value indicates high stress (0.00)
2025-05-31 11:40:46.795272,2025-05-31 11:40:46.822635,WARNING,0.37687441871286137,-0.12899379161656754,Microseismic,0.650747106656322,5,"(116.4, -103.3, -56.9)",Low b-value indicates high stress (-0.09)
2025-06-01 02:27:11.880993,2025-06-01 02:27:11.967805,WARNING,3.554547566854621,0.765708370521817,Minor Event,3.4106424751730597,2,"(298.4, 202.3, -41.6)",Low b-value indicates high stress (0.00)
2025-06-02 06:15:45.576143,2025-06-02 06:15:45.624295,WARNING,0.732222563694633,-0.4348321656114514,Microseismic,-0.22592629164378317,1,"(136.0, 208.9, -60.0)",Low b-value indicates high stress (-0.05)
2025-06-03 02:22:33.594102,2025-06-03 02:22:33.669808,WARNING,7.611138803015257,1.3340982802053005,Moderate Event,5.454518517263939,1,"(99.5, 188.6, -52.6)",Moderate event (Richter 1.33)
2025-06-03 15:23:18.880306,2025-06-03 15:23:18.912952,WARNING,0.5760375660540775,-0.3889222621071871,Microseismic,-0.10493749104200599,1,"(100.8, 190.6, -39.2)",Low b-value indicates high stress (0.05)
2025-06-06 05:36:42.786881,2025-06-06 05:36:42.848541,WARNING,4.741509282738813,0.7888607800062105,Minor Event,3.5272894385457967,1,"(114.0, 207.9, -41.0)",Low b-value indicates high stress (0.10)
2025-06-07 05:42:02.898423,2025-06-07 05:42:02.962781,WARNING,13.23886158489713,0.703480623580356,Minor Event,6.26377751619285,6,"(54.0, 114.6, -44.2)",Low b-value indicates high stress (0.12)
2025-06-08 20:29:31.972977,2025-06-08 20:29:32.022305,WARNING,0.15003395975380712,-1.2422839389624571,Background Noise,-1.5624981536813285,3,"(340.0, 54.2, -29.1)",Low b-value indicates high stress (0.00)
2025-06-08 23:22:57.954978,2025-06-08 23:22:58.003645,WARNING,0.23234249214946084,-0.5415210280358689,Microseismic,-0.19829294423920735,6,"(38.5, 54.5, -70.5)",Low b-value indicates high stress (-0.02)
2025-06-09 00:51:52.529972,2025-06-09 00:51:52.571275,WARNING,0.10130544408362373,-1.4252344291446422,Background Noise,-1.9892546830885185,1,"(110.9, 192.6, -42.3)",Low b-value indicates high stress (-0.13)
2025-06-11 01:41:52.512593,2025-06-11 01:41:52.525680,WARNING,1.5584555601926915,-0.0712551138958332,Microseismic,0.9156609874332577,3,"(359.5, 11.6, -46.6)",Low b-value indicates high stress (-0.15)
2025-06-11 10:15:10.174758,2025-06-11 10:15:10.235312,WARNING,0.26844355757447447,-0.7144149612475523,Microseismic,-0.7565414739845621,4,"(304.3, -101.8, -44.4)",Low b-value indicates high stress (-0.19)
2025-06-12 16:05:59.488378,2025-06-12 16:05:59.492312,WARNING,1.4090290253604554,0.5827949569992527,Minor Event,2.0762698663647092,5,"(99.3, -116.2, -60.9)",Low b-value indicates high stress (-0.15)
2025-06-12 17:48:18.956303,2025-06-12 17:48:18.969574,WARNING,1.8407386467126037,-0.09146550744029291,Microseismic,0.588423493225963,2,"(312.3, 158.9, -51.2)",Low b-value indicates high stress (-0.16)
2025-06-13 01:51:59.107179,2025-06-13 01:51:59.168964,WARNING,2.098701575361881,-0.1476622517863596,Microseismic,0.5615790533525666,1,"(121.0, 222.1, -38.1)",Low b-value indicates high stress (-0.16)
2025-06-13 14:15:12.988308,2025-06-13 14:15:13.066547,WARNING,1.2179193449505117,0.15263478967535765,Minor Event,0.9216451468271687,1,"(106.0, 184.3, -41.0)",Low b-value indicates high stress (-0.11)
2025-06-14 17:56:03.464242,2025-06-14 17:56:03.527263,WARNING,6.725435167114694,0.7081400947008782,Minor Event,3.8695872280660346,5,"(160.6, -151.1, -55.0)",Low b-value indicates high stress (-0.01)
2025-06-16 22:55:42.036157,2025-06-16 22:55:42.088065,WARNING,1.1165039607813718,0.027042145693204483,Minor Event,0.8103112230092269,5,"(121.8, -143.6, -53.5)",Low b-value indicates high stress (-0.01)
2025-06-17 21:35:04.430987,2025-06-17 21:35:04.520658,WARNING,0.39691364484987907,-0.7041498443583327,Microseismic,-0.8616822947982334,5,"(150.6, -135.1, -54.8)",Low b-value indicates high stress (-0.05)
2025-06-19 02:19:30.123219,2025-06-19 02:19:30.150481,WARNING,4.169098506772578,0.5335912582113385,Minor Event,2.823354157248121,1,"(78.8, 201.3, -46.7)",Low b-value indicates high stress (0.01)
2025-06-19 22:23:16.638519,2025-06-19 22:23:16.720094,WARNING,2.92239785722449,0.078043685179574,Minor Event,1.5707000729973075,5,"(74.5, -95.9, -48.2)",Low b-value indicates high stress (0.01)
2025-06-22 17:16:44.738537,2025-06-22 17:16:44.816590,WARNING,0.7178560357464684,-0.36915660816205054,Microseismic,-0.028102069078711857,3,"(358.7, 67.8, -34.1)",Low b-value indicates high stress (-0.00)
2025-06-24 02:17:48.779394,2025-06-24 02:17:48.797239,WARNING,0.4602055807685363,-0.6308619545642373,Microseismic,-0.6488805561188113,3,"(335.2, 38.9, -53.7)",Low b-value indicates high stress (-0.07)
2025-06-24 21:27:01.255529,2025-06-24 21:27:01.354655,WARNING,6.201920262029754,0.420920467675476,Minor Event,3.164494338599823,3,"(317.0, 70.9, -38.3)",Low b-value indicates high stress (0.06)
2025-06-26 00:35:39.298972,2025-06-26 00:35:39.343213,WARNING,2.9804072745584436,0.04420722045938641,Minor Event,1.4962887177242945,5,"(139.3, -107.4, -67.6)",Low b-value indicates high stress (0.06)
2025-06-26 11:42:35.667564,2025-06-26 11:42:35.763731,WARNING,7.952229077490771,0.5709668203349563,Minor Event,4.2626804257883295,2,"(313.9, 177.8, -54.0)",Low b-value indicates high stress (0.18)
2025-06-27 02:36:40.932419,2025-06-27 02:36:40.984515,WARNING,0.6709805770155574,0.0819803692543942,Minor Event,0.9980376910757198,1,"(104.5, 203.1, -25.3)",Low b-value indicates high stress (0.24)
2025-06-27 15:02:34.443311,2025-06-27 15:02:34.525840,WARNING,0.23858888690172353,-0.8426462504827923,Microseismic,-1.0562429644031697,2,"(307.8, 229.9, -45.1)",Low b-value indicates high stress (0.04)
2025-06-29 07:22:26.191602,2025-06-29 07:22:26.279399,WARNING,2.27247779736711,0.6465300850644098,Minor Event,2.570974990846244,4,"(286.4, -110.9, -38.2)",Low b-value indicates high stress (0.14)
2025-07-01 09:13:28.762773,2025-07-01 09:13:28.823410,WARNING,1.268834298170523,-0.2573970657298167,Microseismic,0.4846446741888402,6,"(39.7, 98.6, -63.0)",Low b-value indicates high stress (-0.01)
2025-07-01 11:24:27.972074,2025-07-01 11:24:28.065719,WARNING,1.0527514097182364,0.3737744691989622,Minor Event,1.5800605835520904,5,"(132.7, -119.0, -54.3)",Low b-value indicates high stress (0.07)
2025-07-01 22:53:10.873825,2025-07-01 22:53:10.916859,WARNING,4.7518106680714665,0.34752388676684387,Minor Event,2.6497640670308114,5,"(112.7, -134.1, -49.0)",Low b-value indicates high stress (0.06)
2025-07-02 06:46:43.475082,2025-07-02 06:46:43.527786,WARNING,0.4710611289183153,0.0596814837903607,Minor Event,0.5801752619018108,6,"(45.8, 54.5, -41.5)",Low b-value indicates high stress (0.09)
2025-07-02 10:32:06.560204,2025-07-02 10:32:06.618419,WARNING,1.0399383021563522,0.19798240131791078,Minor Event,1.0523201278190717,5,"(100.1, -120.6, -71.6)",Low b-value indicates high stress (0.10)
2025-07-02 14:19:26.109695,2025-07-02 14:19:26.147284,WARNING,0.5770741818009847,0.04624818832040606,Minor Event,0.6194298493152885,5,"(74.5, -110.7, -50.3)",Low b-value indicates high stress (0.05)
2025-07-04 05:29:03.649219,2025-07-04 05:29:03.694231,WARNING,1.467015659300341,-0.10660055599623935,Microseismic,0.5331991358635164,1,"(100.6, 184.9, -45.4)",Low b-value indicates high stress (0.01)
2025-07-04 10:42:14.795673,2025-07-04 10:42:14.796884,WARNING,0.3274068972805903,-0.635208946065984,Microseismic,-0.8757326063705597,3,"(330.6, 29.1, -34.6)",Low b-value indicates high stress (-0.09)
2025-07-05 11:40:17.218373,2025-07-05 11:40:17.256567,WARNING,7.9517391327757085,0.6061493862188204,Minor Event,4.075824028945056,1,"(82.8, 182.4, -40.4)",Low b-value indicates high stress (0.09)
2025-07-05 13:29:09.024676,2025-07-05 13:29:09.086326,WARNING,2.172645039318979,-0.06799952271169102,Microseismic,0.972636940416121,3,"(331.8, 6.7, -30.3)",Low b-value indicates high stress (-0.02)
2025-07-05 20:10:10.260726,2025-07-05 20:10:10.286569,CRITICAL,21.215581049477677,1.0477183021180516,Moderate Event,9.468385500544555,6,"(63.8, 89.8, -47.7)",Extreme risk score (9.47)
2025-07-06 03:52:54.113386,2025-07-06 03:52:54.185984,WARNING,1.4872489935080258,0.490169013546361,Minor Event,2.4455168616798897,3,"(341.5, 31.2, -25.2)",Low b-value indicates high stress (0.26)
2025-07-06 09:04:53.574340,2025-07-06 09:04:53.617720,WARNING,2.1117079074557457,0.6363860630413867,Minor Event,2.9755741584256477,4,"(255.9, -104.2, -56.5)",Low b-value indicates high stress (0.28)
2025-07-08 00:44:46.511436,2025-07-08 00:44:46.511959,CRITICAL,9.44771368359626,1.236317483380549,Moderate Event,6.587084313654204,6,"(66.5, 96.0, -43.7)",Extreme risk score (6.59)
2025-07-08 07:06:37.795650,2025-07-08 07:06:37.817371,WARNING,2.645061636024039,-0.0756843199249646,Microseismic,2.002061882548805,5,"(102.5, -128.3, -63.8)",Low b-value indicates high stress (0.22)
2025-07-08 07:38:05.942899,2025-07-08 07:38:06.002836,WARNING,0.7409481882444132,-0.028066515506997763,Microseismic,1.4998509041089734,4,"(279.9, -73.8, -36.8)",Low b-value indicates high stress (0.13)
2025-07-10 12:36:37.359515,2025-07-10 12:36:37.368375,WARNING,2.9331340590804706,0.7029950271305423,Minor Event,3.447338819432347,3,"(322.7, 31.9, -29.4)",Low b-value indicates high stress (0.24)
2025-07-15 19:55:23.088863,2025-07-15 19:55:23.186828,WARNING,0.3159946964994359,-0.8350260953366059,Microseismic,-1.0121090909054344,3,"(352.8, 14.6, -36.8)",Low b-value indicates high stress (-0.00)
2025-07-15 20:14:17.173721,2025-07-15 20:14:17.222018,WARNING,1.5951728718029288,0.13965845784650557,Minor Event,1.6495439670935002,1,"(135.4, 190.7, -53.5)",Low b-value indicates high stress (-0.06)
2025-07-17 03:12:07.613812,2025-07-17 03:12:07.698291,WARNING,0.16140759271486496,-1.0239370195518323,Background Noise,-1.4864344177224007,1,"(89.5, 199.7, -49.0)",Low b-value indicates high stress (-0.19)
2025-07-17 10:15:32.309006,2025-07-17 10:15:32.402688,WARNING,1.4456236934929836,-0.07978695142410622,Microseismic,0.5697443774994543,1,"(87.9, 208.2, -50.0)",Low b-value indicates high stress (-0.20)
2025-07-18 03:23:12.583601,2025-07-18 03:23:12.592485,WARNING,11.648623330129906,1.2500287077239522,Moderate Event,6.538956591681646,1,"(79.7, 201.2, -45.7)",Moderate event (Richter 1.25)
2025-07-20 15:35:07.714030,2025-07-20 15:35:07.808600,WARNING,2.7839527350886275,0.4069574187119605,Minor Event,2.2474910820491436,3,"(368.1, 62.4, -19.4)",Low b-value indicates high stress (0.04)
2025-07-22 13:18:09.982399,2025-07-22 13:18:10.015421,WARNING,0.8935765596735336,0.20788327352004812,Minor Event,1.22449767302343,6,"(30.5, 89.2, -39.2)",Low b-value indicates high stress (0.02)
2025-07-26 18:57:10.270788,2025-07-26 18:57:10.307981,WARNING,0.11708617342316455,-1.3380864152799223,Background Noise,-2.10730894300542,5,"(99.3, -156.6, -50.0)",Low b-value indicates high stress (-0.14)
2025-07-26 20:08:45.250383,2025-07-26 20:08:45.329709,WARNING,0.5971254904087906,-0.40717271196240423,Microseismic,-0.04484938319876906,3,"(365.8, 44.6, -39.7)",Low b-value indicates high stress (-0.16)
2025-07-26 20:39:10.216856,2025-07-26 20:39:10.313632,WARNING,0.587894164024889,0.2577151384183598,Minor Event,1.4109386094129515,5,"(142.8, -141.2, -47.7)",Low b-value indicates high stress (-0.12)
2025-07-28 07:24:24.351442,2025-07-28 07:24:24.437260,WARNING,3.3727580006312365,0.8470486950268801,Minor Event,3.2803397029553802,2,"(305.7, 171.4, -58.3)",Low b-value indicates high stress (-0.07)
2025-07-28 20:02:58.922108,2025-07-28 20:02:58.994016,WARNING,4.61130269054478,0.9034949314082724,Minor Event,3.5689012438070207,2,"(296.6, 195.3, -32.4)",Low b-value indicates high stress (0.01)
2025-07-29 13:09:52.290751,2025-07-29 13:09:52.359384,WARNING,6.856624506230274,0.40575151472893456,Minor Event,3.3612489311361085,6,"(42.0, 90.5, -60.1)",Low b-value indicates high stress (0.01)
2025-07-30 02:59:15.239283,2025-07-30 02:59:15.326403,WARNING,3.928794770502548,0.7592442465239476,Minor Event,3.2780360548197467,2,"(313.3, 197.2, -41.5)",Low b-value indicates high stress (0.08)
2025-07-30 22:04:35.117251,2025-07-30 22:04:35.165158,WARNING,1.0484010069598098,-0.4614724816523331,Microseismic,-0.002957608895867249,6,"(45.6, 88.4, -59.4)",Low b-value indicates high stress (0.00)
2025-07-31 01:16:58.417150,2025-07-31 01:16:58.504425,WARNING,2.4779147517632687,0.43478483781503996,Minor Event,2.2988170382818365,1,"(87.1, 162.3, -53.0)",Low b-value indicates high stress (0.05)
2025-07-31 01:57:29.000538,2025-07-31 01:57:29.079996,WARNING,1.3463724910098926,-0.33616450369007467,Microseismic,0.5593000886964625,3,"(367.0, 36.3, -21.4)",Low b-value indicates high stress (0.04)
2025-08-01 06:48:41.306198,2025-08-01 06:48:41.312667,WARNING,0.8855953218508682,0.35791189315526434,Minor Event,1.58949317846732,6,"(54.8, 90.2, -41.3)",Low b-value indicates high stress (0.07)
2025-08-02 17:53:34.765335,2025-08-02 17:53:34.803786,WARNING,1.709487959939759,0.22053311499392564,Minor Event,1.4783620399302082,6,"(32.1, 61.4, -51.5)",Low b-value indicates high stress (0.06)
2025-08-03 14:29:52.828309,2025-08-03 14:29:52.852195,WARNING,0.08190760513316357,-1.1137044259654818,Background Noise,-1.8698921754447777,3,"(319.3, 59.0, -52.4)",Low b-value indicates high stress (-0.04)
2025-08-05 09:30:49.484771,2025-08-05 09:30:49.577946,WARNING,1.8927509406508416,0.17410851192724558,Minor Event,1.1882153289418749,5,"(137.0, -131.5, -41.6)",Low b-value indicates high stress (-0.05)
2025-08-05 22:21:54.127223,2025-08-05 22:21:54.166210,WARNING,3.303602775671458,0.6899308270757899,Minor Event,2.713158007649568,5,"(127.0, -151.6, -43.0)",Low b-value indicates high stress (0.03)
2025-08-06 06:06:23.988651,2025-08-06 06:06:24.025556,WARNING,0.11636983312038568,-1.31313458799261,Background Noise,-2.3113368953250326,4,"(298.4, -97.7, -64.7)",Low b-value indicates high stress (-0.16)
2025-08-06 16:53:45.441138,2025-08-06 16:53:45.455025,WARNING,2.8347655688007345,0.6934983994343772,Minor Event,2.556223232148239,5,"(98.5, -118.8, -59.4)",Low b-value indicates high stress (-0.07)
2025-08-07 10:45:22.013133,2025-08-07 10:45:22.047450,WARNING,0.48036446116174614,-0.0892556429708744,Microseismic,0.26904546872576673,1,"(96.6, 187.0, -53.0)",Low b-value indicates high stress (-0.05)
2025-08-07 22:51:52.004315,2025-08-07 22:51:52.062242,WARNING,1.071621501531878,0.41969345193560154,Minor Event,1.4488296181563554,2,"(304.6, 174.6, -45.7)",Low b-value indicates high stress (0.01)
2025-08-08 14:02:01.495903,2025-08-08 14:02:01.547627,WARNING,2.764022942974172,0.32045192166898084,Minor Event,1.832986048724644,3,"(338.8, 45.8, -56.8)",Low b-value indicates high stress (0.04)
2025-08-09 11:55:50.683115,2025-08-09 11:55:50.697170,WARNING,0.9336933474178828,-0.024340617627770508,Microseismic,0.5648187599357624,3,"(349.7, 14.7, -54.5)",Low b-value indicates high stress (-0.06)
2025-08-13 04:00:38.730671,2025-08-13 04:00:38.830157,WARNING,0.381057857046869,-0.37362795799177917,Microseismic,-0.3865746759110159,5,"(89.2, -149.7, -46.7)",Low b-value indicates high stress (-0.15)
2025-08-14 16:25:27.627847,2025-08-14 16:25:27.653780,WARNING,0.3628572399717834,0.026153178706115332,Minor Event,0.4162255534842684,4,"(262.7, -80.8, -66.2)",Low b-value indicates high stress (-0.13)
2025-08-15 07:27:38.268190,2025-08-15 07:27:38.288321,WARNING,0.943298457885238,-0.04980483806329787,Microseismic,0.3884127711613068,4,"(277.9, -66.7, -32.4)",Low b-value indicates high stress (-0.11)
2025-08-15 22:24:53.949447,2025-08-15 22:24:54.046408,WARNING,1.5764441779221265,0.6467907400258146,Minor Event,2.0029016565402804,2,"(299.7, 187.8, -42.4)",Low b-value indicates high stress (0.04)
2025-08-16 07:04:14.297599,2025-08-16 07:04:14.355327,WARNING,6.908465281222537,1.1039093740224477,Moderate Event,4.688513520415588,4,"(273.3, -102.1, -34.1)",Moderate event (Richter 1.10)
2025-08-17 07:16:15.613200,2025-08-17 07:16:15.706126,WARNING,4.250177854490011,0.15895656116897128,Minor Event,2.0359561220467617,3,"(334.5, 58.1, -49.7)",Low b-value indicates high stress (0.19)
2025-08-17 15:14:36.438876,2025-08-17 15:14:36.440308,WARNING,3.9358030672753954,0.835509491800403,Minor Event,3.389168774273675,5,"(130.3, -110.7, -47.1)",Low b-value indicates high stress (0.22)
2025-08-18 03:31:56.395221,2025-08-18 03:31:56.452925,WARNING,4.227117768140566,0.8238006235809714,Minor Event,3.558504739168286,5,"(120.6, -107.8, -56.6)",Low b-value indicates high stress (0.27)
2025-08-18 06:04:45.201585,2025-08-18 06:04:45.224823,WARNING,4.699720430737091,1.1013000777379118,Moderate Event,4.411185559736892,6,"(37.4, 103.0, -52.2)",Moderate event (Richter 1.10)
2025-08-19 06:58:20.158637,2025-08-19 06:58:20.204032,WARNING,2.683983942508196,0.7502119048903136,Minor Event,3.11779669680512,6,"(54.2, 70.2, -46.9)",Low b-value indicates high stress (0.30)
2025-08-19 15:22:48.151432,2025-08-19 15:22:48.201102,WARNING,0.7163003209417693,-0.015347157361887603,Microseismic,0.9798933060017248,3,"(341.8, 36.9, -55.4)",Low b-value indicates high stress (0.22)
2025-08-20 08:17:41.477662,2025-08-20 08:17:41.571707,WARNING,0.9852475868198869,-0.4237391586599956,Microseismic,0.06841075742132108,4,"(274.5, -115.6, -40.7)",Low b-value indicates high stress (0.06)
2025-08-20 18:28:25.945648,2025-08-20 18:28:25.954577,WARNING,1.5240067278627198,0.07063568969492742,Minor Event,1.1449184153151633,3,"(389.6, 59.2, -31.0)",Low b-value indicates high stress (0.04)
2025-08-20 22:54:42.866349,2025-08-20 22:54:42.966296,WARNING,1.007691707197792,-0.3918642504542576,Microseismic,-0.005574912787242953,6,"(50.0, 92.0, -69.4)",Low b-value indicates high stress (-0.02)
2025-08-21 08:06:59.328437,2025-08-21 08:06:59.413472,WARNING,3.4786649073165212,0.5136944002252051,Minor Event,2.5134575237910237,6,"(27.2, 93.4, -65.7)",Low b-value indicates high stress (-0.07)
2025-08-21 16:20:31.926526,2025-08-21 16:20:31.946448,WARNING,0.6612065201871715,0.21055213015407767,Minor Event,0.9478780902839767,4,"(282.3, -106.2, -42.9)",Low b-value indicates high stress (-0.04)
2025-08-22 06:25:06.477627,2025-08-22 06:25:06.551247,WARNING,3.63583072025855,0.32727885147345337,Minor Event,2.0957212284064175,5,"(114.5, -109.2, -52.4)",Low b-value indicates high stress (-0.06)
2025-08-22 07:36:32.163499,2025-08-22 07:36:32.175520,WARNING,3.3540781393454933,0.29115600902571226,Minor Event,2.0933472601132075,5,"(144.9, -136.5, -45.7)",Low b-value indicates high stress (-0.04)
2025-08-22 10:19:58.240012,2025-08-22 10:19:58.322988,WARNING,0.2559295791212474,-0.8847845993486461,Microseismic,-1.257418381373514,3,"(365.8, 42.1, -41.8)",Low b-value indicates high stress (-0.22)
2025-08-23 02:20:29.162578,2025-08-23 02:20:29.258855,WARNING,2.1745920568115698,-0.08701716204317544,Microseismic,0.9009918468376613,1,"(113.2, 182.7, -41.7)",Low b-value indicates high stress (-0.24)
2025-08-26 04:55:45.033805,2025-08-26 04:55:45.098087,WARNING,7.32886107069316,0.9038494981221011,Minor Event,4.604568490464015,1,"(82.0, 222.3, -38.9)",Low b-value indicates high stress (-0.12)
2025-08-26 08:24:59.938930,2025-08-26 08:25:00.035161,WARNING,1.3806737438195518,0.26099965619785137,Minor Event,1.5025626125098295,6,"(46.4, 107.5, -77.1)",Low b-value indicates high stress (-0.15)
2025-08-28 07:15:34.000447,2025-08-28 07:15:34.020140,WARNING,0.24225867414686478,-0.67872477828474,Microseismic,-0.7576571690293056,3,"(359.2, 39.9, -45.7)",Low b-value indicates high stress (-0.28)
2025-08-28 12:27:40.753986,2025-08-28 12:27:40.831295,WARNING,1.1259907049975642,-0.1384652573794275,Microseismic,0.5338354965938835,6,"(77.8, 103.5, -52.7)",Low b-value indicates high stress (-0.27)
2025-08-30 05:10:17.927789,2025-08-30 05:10:17.991225,WARNING,0.715477123374977,0.20263784181210237,Minor Event,1.000265802723668,3,"(328.3, 33.1, -48.2)",Low b-value indicates high stress (-0.21)
2025-09-01 10:54:57.537926,2025-09-01 10:54:57.565481,WARNING,0.7358463639878872,-0.011173289374812129,Microseismic,0.5918539548848544,5,"(128.1, -151.6, -38.2)",Low b-value indicates high stress (-0.22)
2025-09-01 20:11:45.247761,2025-09-01 20:11:45.251363,WARNING,2.131198807546717,0.11110270846984932,Minor Event,1.2629348180708522,5,"(116.2, -86.3, -57.3)",Low b-value indicates high stress (-0.17)
2025-09-02 01:04:26.643223,2025-09-02 01:04:26.719534,WARNING,6.19508878863127,1.1152083658174368,Moderate Event,4.467913286275847,4,"(251.0, -100.2, -60.5)",Moderate event (Richter 1.12)
2025-09-02 13:58:18.731079,2025-09-02 13:58:18.808191,WARNING,0.45599911257419845,-0.18638531565492572,Microseismic,0.10347943185053829,3,"(291.5, 75.0, -41.7)",Low b-value indicates high stress (0.06)
2025-09-02 23:19:22.357963,2025-09-02 23:19:22.378321,WARNING,1.59407180102358,0.5852422598954036,Minor Event,2.029802085846485,6,"(45.6, 93.6, -66.5)",Low b-value indicates high stress (0.21)
2025-09-03 06:39:24.196466,2025-09-03 06:39:24.286660,WARNING,0.42208309681883366,-0.06790852001367431,Microseismic,0.35481535298133554,6,"(79.2, 45.6, -61.0)",Low b-value indicates high stress (0.13)
2025-09-05 01:29:53.896016,2025-09-05 01:29:53.922549,WARNING,0.24508322101536145,-0.3962622564999284,Microseismic,-0.38004706494579776,5,"(135.9, -90.9, -48.9)",Low b-value indicates high stress (-0.03)
2025-09-07 05:40:22.708076,2025-09-07 05:40:22.720589,WARNING,2.147829719107294,0.6824714620940009,Minor Event,2.388157562939231,1,"(116.8, 187.7, -55.6)",Low b-value indicates high stress (0.10)
2025-09-07 18:12:53.086880,2025-09-07 18:12:53.136506,WARNING,0.44483980456595845,-0.06559070646281562,Microseismic,0.33917952395208545,4,"(272.3, -105.9, -48.7)",Low b-value indicates high stress (0.00)
2025-09-08 21:23:30.240892,2025-09-08 21:23:30.337596,WARNING,8.033123196487328,0.45655314904018396,Minor Event,3.708054478603124,1,"(96.4, 161.0, -45.8)",Low b-value indicates high stress (0.10)
2025-09-10 16:11:46.135622,2025-09-10 16:11:46.166908,WARNING,1.7031250850834774,-0.021243381206684953,Microseismic,0.8877134631960617,4,"(282.0, -124.5, -52.3)",Low b-value indicates high stress (0.06)
2025-09-11 17:19:19.161303,2025-09-11 17:19:19.229057,WARNING,0.7889250610866648,-0.5308531549412729,Microseismic,-0.4270808653064289,6,"(60.8, 76.9, -41.1)",Low b-value indicates high stress (-0.05)
2025-09-11 18:01:36.258724,2025-09-11 18:01:36.301926,WARNING,0.33488170070123485,-0.004432038019658746,Microseismic,0.6288023159926651,5,"(121.5, -119.1, -48.2)",Low b-value indicates high stress (-0.03)
2025-09-12 08:06:13.323445,2025-09-12 08:06:13.378406,WARNING,8.480408083420468,1.1181956005748135,Moderate Event,5.414475692251499,2,"(285.6, 183.5, -50.5)",Moderate event (Richter 1.12)
2025-09-15 03:52:08.061363,2025-09-15 03:52:08.122364,WARNING,0.4286760525801435,-0.27020249439499566,Microseismic,0.1672567584539366,5,"(101.6, -76.9, -61.8)",Low b-value indicates high stress (-0.03)
2025-09-15 08:04:14.898977,2025-09-15 08:04:14.992604,WARNING,10.474492064748432,1.0621230469743606,Moderate Event,6.155157301370782,3,"(347.8, 59.9, -43.9)",Moderate event (Richter 1.06)
2025-09-15 21:31:59.808517,2025-09-15 21:31:59.899972,WARNING,0.24013401691840605,-0.6851429952657134,Microseismic,-0.6491644797542264,1,"(91.2, 205.3, -65.2)",Low b-value indicates high stress (0.01)
2025-09-16 05:25:11.453721,2025-09-16 05:25:11.455302,WARNING,1.2329638795833302,-0.3319044775957652,Microseismic,0.347125950320361,2,"(298.7, 165.7, -38.2)",Low b-value indicates high stress (-0.11)
2025-09-16 06:20:09.046732,2025-09-16 06:20:09.101157,WARNING,2.940850258811911,0.711354405482963,Minor Event,3.1066642564903333,3,"(325.2, 34.7, -39.6)",Low b-value indicates high stress (-0.00)
2025-09-19 00:58:57.928340,2025-09-19 00:58:57.973775,WARNING,3.558802083695124,0.681551055633893,Minor Event,3.213894186865519,3,"(371.1, 58.7, -7.4)",Low b-value indicates high stress (0.07)
2025-09-19 21:50:30.129975,2025-09-19 21:50:30.188998,WARNING,0.6299312558487018,-0.6723955679446332,Microseismic,-0.5935744942537174,4,"(231.4, -95.0, -51.8)",Low b-value indicates high stress (-0.09)
2025-09-20 03:15:19.878476,2025-09-20 03:15:19.959889,WARNING,2.479511471521599,0.5795004317805017,Minor Event,2.5377439310024688,3,"(347.9, 65.6, -56.2)",Low b-value indicates high stress (-0.01)
2025-09-22 00:17:05.684742,2025-09-22 00:17:05.747964,WARNING,0.303562060714959,-0.7859689173611765,Microseismic,-1.1532794701340185,1,"(84.4, 195.4, -58.5)",Low b-value indicates high stress (-0.09)
2025-09-22 07:04:09.238456,2025-09-22 07:04:09.299511,WARNING,11.123788084408984,0.7066181127907886,Minor Event,5.401790792730248,5,"(151.9, -132.8, -54.2)",Low b-value indicates high stress (0.00)
2025-09-22 15:42:20.777950,2025-09-22 15:42:20.812473,CRITICAL,10.877436521389129,1.4181890398464572,Moderate Event,7.023334572080446,2,"(288.4, 164.4, -47.9)",Extreme risk score (7.02)
2025-09-23 01:20:00.041711,2025-09-23 01:20:00.083289,CRITICAL,20.20906623930546,1.2344905808155318,Moderate Event,9.947579181929573,3,"(333.1, 84.4, -47.6)",Extreme risk score (9.95)
2025-09-23 10:34:25.040541,2025-09-23 10:34:25.133854,WARNING,2.5232331661551752,0.414242141766484,Minor Event,2.9721921440669927,5,"(119.1, -102.8, -54.3)",Low b-value indicates high stress (0.15)
2025-09-23 20:48:27.080497,2025-09-23 20:48:27.081495,WARNING,4.508138214278502,0.8774408848971942,Minor Event,4.603787130673707,1,"(121.3, 198.0, -53.5)",Low b-value indicates high stress (0.20)
2025-09-24 19:12:03.795487,2025-09-24 19:12:03.836461,WARNING,0.5618863258183778,-0.7083661079470767,Microseismic,0.18805503254001316,6,"(36.5, 97.0, -77.5)",Low b-value indicates high stress (0.04)
2025-09-25 19:44:57.909580,2025-09-25 19:44:57.944632,WARNING,0.7214723678444493,-0.26924702382893106,Microseismic,1.125706435312707,3,"(332.3, 79.1, -44.5)",Low b-value indicates high stress (0.01)
2025-09-26 10:42:40.566462,2025-09-26 10:42:40.575999,WARNING,0.22479212308531218,-0.6001865542346365,Microseismic,0.006105993337165151,5,"(156.4, -93.2, -63.3)",Low b-value indicates high stress (-0.06)
2025-09-29 07:00:19.041371,2025-09-29 07:00:19.067194,WARNING,1.0809183384404808,0.1392046424837322,Minor Event,1.4564613394756594,5,"(135.7, -113.8, -33.4)",Low b-value indicates high stress (-0.08)
2025-09-29 07:18:55.435679,2025-09-29 07:18:55.457170,WARNING,4.575780115950328,0.6675247934843868,Minor Event,3.444814045097494,1,"(96.9, 179.2, -47.6)",Low b-value indicates high stress (-0.03)
2025-09-29 14:46:19.078333,2025-09-29 14:46:19.131205,WARNING,3.978031396371542,0.9255859137608334,Minor Event,3.5055367387536243,5,"(99.7, -106.0, -67.3)",Low b-value indicates high stress (0.06)
2025-09-30 11:16:15.358181,2025-09-30 11:16:15.361296,WARNING,1.106094362281045,0.10112934832273385,Minor Event,0.889071523340785,6,"(59.8, 55.3, -43.4)",Low b-value indicates high stress (0.01)
2025-09-30 14:19:36.994677,2025-09-30 14:19:37.080479,WARNING,3.438249765523883,1.0339657194474388,Moderate Event,3.565190256471369,3,"(314.8, 62.8, -38.3)",Moderate event (Richter 1.03)
2025-09-30 17:42:32.627279,2025-09-30 17:42:32.628994,WARNING,2.197909446216266,0.15096578560843804,Minor Event,1.4660294140813768,3,"(359.7, 15.0, -55.3)",Low b-value indicates high stress (0.04)
2025-10-01 16:49:36.714523,2025-10-01 16:49:36.752436,WARNING,2.09317739160386,0.19229197894036493,Minor Event,1.5447018841023303,4,"(250.6, -97.2, -36.8)",Low b-value indicates high stress (-0.00)
2025-10-03 23:16:33.013788,2025-10-03 23:16:33.107957,WARNING,1.651453123433775,0.4087502272861129,Minor Event,1.8588438640578162,1,"(74.5, 173.8, -41.3)",Low b-value indicates high stress (0.02)
2025-10-04 11:02:46.970672,2025-10-04 11:02:46.972586,WARNING,2.48632421617116,0.6746603463060743,Minor Event,2.5882708701609323,3,"(366.9, 60.0, -49.8)",Low b-value indicates high stress (0.08)
2025-10-06 05:53:29.922066,2025-10-06 05:53:29.957558,WARNING,0.6256760825830101,-0.09680349073014341,Microseismic,0.38503421027182466,4,"(277.0, -83.8, -58.8)",Low b-value indicates high stress (-0.04)
2025-10-06 11:48:52.878671,2025-10-06 11:48:52.900294,WARNING,1.1257354104630481,0.24264813659917028,Minor Event,1.2294698133439237,1,"(123.8, 197.6, -51.8)",Low b-value indicates high stress (-0.03)
2025-10-06 23:54:09.014900,2025-10-06 23:54:09.037837,WARNING,0.20682600431023804,-1.0834167513210566,Background Noise,-1.799508774675573,4,"(275.4, -75.4, -73.4)",Low b-value indicates high stress (-0.24)
2025-10-07 08:19:52.580968,2025-10-07 08:19:52.616338,WARNING,6.101418039645078,0.5879098109364801,Minor Event,3.426741873030241,4,"(291.9, -111.1, -52.1)",Low b-value indicates high stress (-0.14)
2025-10-07 16:29:16.135243,2025-10-07 16:29:16.148958,WARNING,2.055669158641376,-0.04296799380851424,Microseismic,0.9505969011180343,3,"(403.9, 46.8, -29.6)",Low b-value indicates high stress (-0.12)
2025-10-08 11:39:31.388967,2025-10-08 11:39:31.455387,WARNING,1.6906901842797486,-0.07269001433048383,Microseismic,0.7755407058886296,5,"(96.3, -130.0, -35.0)",Low b-value indicates high stress (-0.10)
2025-10-08 20:04:46.486049,2025-10-08 20:04:46.531448,WARNING,0.914046905133711,-0.3426123016128975,Microseismic,-0.03537505510171774,1,"(106.9, 200.9, -36.6)",Low b-value indicates high stress (-0.14)
2025-10-09 00:55:53.600647,2025-10-09 00:55:53.686117,WARNING,1.01889387204224,-0.32656876360120113,Microseismic,0.04837842798980853,3,"(337.8, 39.2, -45.5)",Low b-value indicates high stress (-0.14)
2025-10-09 11:55:20.118254,2025-10-09 11:55:20.126956,WARNING,6.791489267757202,1.1278914058789928,Moderate Event,4.839124745464882,6,"(53.9, 82.7, -71.7)",Moderate event (Richter 1.13)
2025-10-10 16:17:31.806088,2025-10-10 16:17:31.861522,WARNING,0.5759919004324315,-0.5400783086302225,Microseismic,-0.3566448639889923,2,"(302.8, 191.5, -37.6)",Low b-value indicates high stress (-0.14)
2025-10-16 00:54:34.135521,2025-10-16 00:54:34.183090,WARNING,6.405648426429163,0.3520155991950985,Minor Event,3.1823085299841503,1,"(115.0, 248.2, -47.8)",Low b-value indicates high stress (-0.15)
2025-10-17 13:29:18.004282,2025-10-17 13:29:18.028030,WARNING,0.9909575311833425,-0.45433058405070287,Microseismic,-0.08320077533422753,1,"(102.6, 201.7, -41.2)",Low b-value indicates high stress (-0.23)
2025-10-17 17:58:29.836274,2025-10-17 17:58:29.919781,WARNING,1.2990479998776805,-0.06832522888038589,Microseismic,0.7901451575958235,5,"(132.7, -118.0, -39.0)",Low b-value indicates high stress (-0.20)
2025-10-18 02:35:47.469251,2025-10-18 02:35:47.554062,WARNING,6.529008141000699,1.2620086730255378,Moderate Event,5.169241861613254,3,"(306.1, 51.9, -42.5)",Moderate event (Richter 1.26)
2025-10-18 09:36:04.103873,2025-10-18 09:36:04.118099,WARNING,4.5733521157219466,0.24922435512352092,Minor Event,2.6612842099615865,1,"(90.9, 212.8, -51.9)",Low b-value indicates high stress (0.03)
2025-10-19 16:35:12.082947,2025-10-19 16:35:12.130043,WARNING,1.6683860663406105,0.38421018678092367,Minor Event,1.9020357855509697,2,"(273.7, 197.1, -50.6)",Low b-value indicates high stress (0.11)
2025-10-20 10:07:21.935366,2025-10-20 10:07:22.020979,WARNING,7.578277867716537,0.6746428744845694,Minor Event,4.4584779919859985,1,"(85.9, 233.4, -54.4)",Low b-value indicates high stress (0.17)
2025-10-21 05:23:55.063916,2025-10-21 05:23:55.077625,WARNING,1.9254912264933433,0.5184246749016658,Minor Event,2.321672113449139,1,"(118.2, 202.1, -37.4)",Low b-value indicates high stress (0.18)
2025-10-22 04:04:19.330125,2025-10-22 04:04:19.362804,WARNING,1.422974330133198,0.23005444679529952,Minor Event,1.605720951122193,5,"(121.9, -89.7, -46.0)",Low b-value indicates high stress (0.17)
2025-10-23 17:57:19.324140,2025-10-23 17:57:19.358892,WARNING,2.8314435399711706,0.0023574330260425214,Minor Event,1.6148304584313966,4,"(280.5, -109.4, -58.8)",Low b-value indicates high stress (0.16)
2025-10-24 03:13:56.013293,2025-10-24 03:13:56.018472,WARNING,0.3980546620783059,-0.06546633259506779,Microseismic,0.5823620990675125,6,"(53.9, 82.7, -46.6)",Low b-value indicates high stress (0.10)
2025-10-24 04:24:12.253339,2025-10-24 04:24:12.313507,WARNING,0.6632372184461169,0.2587778341630995,Minor Event,1.2753646027307648,2,"(277.1, 173.8, -43.4)",Low b-value indicates high stress (0.13)
2025-10-24 11:34:34.691595,2025-10-24 11:34:34.757773,WARNING,1.2715763263596485,0.1550058132580778,Minor Event,1.1655575815563932,2,"(287.4, 188.1, -40.7)",Low b-value indicates high stress (0.05)
2025-10-26 17:34:27.522616,2025-10-26 17:34:27.562142,WARNING,2.1070035884379585,0.005444142473054414,Minor Event,0.9483150350474505,3,"(341.2, 39.2, -21.5)",Low b-value indicates high stress (0.04)
