timestamp,event_time,event_magnitude_mms,richter_scale,event_type,risk_level,station_id,x_coord,y_coord,z_coord,dominant_frequency_hz,peak_ground_accel_g,event_duration_s,energy_joules,signal_quality,temperature_c,corrected_magnitude
2025-04-30 14:27:09.810170,2025-04-30 14:27:09.827064,0.6196509843303399,-0.6191503223230058,Microseismic,Low,1,88.81949013532287,157.08286480300117,-44.87058749208504,457.6869051583703,0.00938767271279656,0.9012522099139829,7434.889470045002,0.8192230186751878,18.869734979009486,0.6158523595758773
2025-05-01 06:40:16.145491,2025-05-01 06:40:16.183220,1.733250106958855,-0.25854373994523305,Microseismic,Low,4,292.2833340008685,-84.8498457990539,-53.30501147610528,248.1888411165528,0.05092448170584302,2.026003668117104,25833.567835728136,0.5618297318302578,23.75481980221811,1.7310918982478667
2025-05-02 06:29:43.431321,2025-05-02 06:29:43.456565,3.293228384953393,0.5292992921369117,Minor Event,Medium,4,286.2250030908707,-102.55835182961533,-57.55540440600426,55.5986403132272,0.0648727136528874,0.7273492237570877,392598.7732278353,0.8168323534651232,21.133875147735885,3.280496352850143
2025-05-03 19:01:57.605561,2025-05-03 19:01:57.694614,1.082261578462267,0.12792469431817394,Minor Event,Medium,4,306.86197636215456,-126.15314136367515,-22.266750478895677,74.99813516251672,0.03496753678952834,1.8663669253082353,98149.2626912422,0.942172358078776,19.320672512463766,1.076115060531002
2025-05-04 07:46:26.403866,2025-05-04 07:46:26.464622,1.626657129137208,0.041644502185750304,Minor Event,Medium,1,67.24011928573222,192.77154321146045,-52.384933673840585,19.52161822251154,0.032270126985094204,0.4503297499085881,72856.2398445955,0.8870900457674114,25.242608139724133,1.6270517693972772
2025-05-05 17:18:24.722346,2025-05-05 17:18:24.763386,0.6082677353841238,0.2664733975072182,Minor Event,Medium,6,57.80506537966284,78.30182335008335,-52.62675615240257,29.500768569269283,0.010240493585321715,2.309119197363567,158383.5584864036,0.5871529723998756,33.098060777186554,0.613193524474066
2025-05-05 20:57:36.461864,2025-05-05 20:57:36.538813,0.8373874570759335,-0.15163710991973234,Microseismic,Low,1,79.95906552742531,204.3172129637801,-32.91004336811166,382.8920382577778,0.03409103154308921,0.2826745595639655,37371.827460966,0.855912883581866,21.260150050867548,0.834255753637184
2025-05-06 07:45:57.696985,2025-05-06 07:45:57.751845,0.1266205604333864,-0.848573788696945,Microseismic,Low,2,320.1258561842888,168.46216260953702,-36.64307887934858,404.0911439558746,0.004283010050397933,1.3757132880905436,3366.1953594970732,0.6616894052566379,23.984773069785035,0.12649201183051553
2025-05-06 17:19:36.674261,2025-05-06 17:19:36.770764,2.5737784881875054,0.8489116235162508,Minor Event,Medium,4,267.9202962656836,-86.63798096486575,-49.89207659495677,73.55167232137133,0.030689183283147292,3.1420710893629815,1184042.8927305266,0.7714002168785551,22.131230998459177,2.5663949122437604
2025-05-07 06:20:28.098801,2025-05-07 06:20:28.162177,0.7284085963682296,0.2702411929742736,Minor Event,Medium,1,94.59593362644924,218.9523387532282,-52.501226010745114,40.80972079536622,0.02076488329358435,0.8172905508612841,160458.15323589198,0.971679151835235,25.080267093219653,0.7284670636089363
2025-05-08 14:52:38.745026,2025-05-08 14:52:38.783415,4.810942369669343,0.8064681504294221,Minor Event,Medium,3,351.91240891778784,12.652963472617813,-47.64791386955451,74.40216799688363,0.18160684089838797,0.46479694348778666,1022591.61110799,0.689782802566766,29.850388889568634,4.834277311087542
2025-05-09 19:25:39.471664,2025-05-09 19:25:39.485977,3.9154397947945103,0.29732514365669016,Minor Event,Medium,2,309.57959651492786,186.67324210573898,-34.624600557421005,15.510015010744686,0.17172371744603893,0.37275926105614166,176192.6207613561,0.8457309434094847,26.88650246522426,3.9228262816198276
2025-05-10 02:37:47.260284,2025-05-10 02:37:47.332509,4.681071815558156,0.8642937484574719,Minor Event,Medium,4,307.112757176099,-85.63802903496632,-32.32405579121032,83.54588864186243,0.22639063774941756,0.9386948173159938,1248649.7158851582,0.9418691536818338,23.655829116024123,4.674779655117883
2025-05-11 08:23:49.059909,2025-05-11 08:23:49.132519,0.9725467378694446,0.08087338673323058,Minor Event,Medium,4,315.64327237072155,-88.19450761876423,-45.83138963017062,19.49120907685483,0.032144161968789074,1.9664417140680301,83427.663370594,0.8238232598836167,25.500477212898492,0.973033475350227
2025-05-12 02:37:14.916733,2025-05-12 02:37:14.961817,34.689232010175616,1.4391973889115288,Moderate Event,High,1,110.47905334215588,184.06994082684827,-43.392247682778596,79.84003942787677,1.1845977714507718,0.342680133921349,9094861.364266494,0.8891142080740417,29.202636251257783,34.83501823414987
2025-05-14 02:34:53.542386,2025-05-14 02:34:53.601093,1.574298751482775,-0.2700661787291819,Microseismic,Low,3,345.0851387182811,44.54552860504659,-66.96886642941571,465.93836042724,0.03856363803179936,1.837804767570544,24825.65592395493,0.8484179641146165,19.467370456291647,1.5655887396996984
2025-05-16 00:05:04.653977,2025-05-16 00:05:04.753664,36.16282884871765,1.1253388733437157,Moderate Event,High,3,351.18436868028977,53.961695215357096,-41.443604119239424,24.488265845790682,0.6374605847236667,0.17446868371534435,3076155.6749336496,0.9659316404779652,31.94291134520144,36.413904163405995
2025-05-16 10:46:34.280841,2025-05-16 10:46:34.324917,0.06779806471571032,-1.2680196419432086,Background Noise,Low,6,42.869358201118466,84.76592524242898,-60.677190347756905,162.98693311211764,0.0014164421978984955,4.654427564350358,790.6249894945029,0.6507078661511742,14.128382179566765,0.06706099006715611
2025-05-16 21:14:06.267236,2025-05-16 21:14:06.286847,36.076685714704126,1.3964978789254752,Moderate Event,High,5,122.98010733800649,-109.99044961158735,-62.53258720644996,27.627364199439018,0.5042674920914952,0.6572390328228945,7847779.974684509,0.8094819578104739,19.594683362000513,35.881679805166556
2025-05-18 05:48:03.322531,2025-05-18 05:48:03.351846,3.452583282319277,0.9344799818370945,Minor Event,Medium,2,266.604416558632,215.29373868525437,-57.415012309491225,41.07077877589035,0.11604753082976253,0.7241234196305457,1591182.423174685,0.5935187737821903,14.150611564795707,3.4151248651845023
2025-05-18 19:38:28.007144,2025-05-18 19:38:28.036591,5.291952276718788,1.0234711749754122,Moderate Event,High,1,99.38083498726853,245.56957456376813,-77.84004228802021,75.46025970172323,0.20084987891560116,1.130169507316282,2163748.4135609125,0.9455155221647277,26.48653489424911,5.299818948436831
2025-05-19 16:53:52.247930,2025-05-19 16:53:52.316248,3.4811399004675003,0.8643053530253676,Minor Event,Medium,5,119.83526865875844,-92.81684745578885,-53.4869642411222,52.259164928089604,0.1350964367382705,0.3253941251335309,1248699.7637146823,0.8871843022520051,20.45183051255014,3.46530708619065
2025-05-19 21:31:33.996518,2025-05-19 21:31:34.021591,1.4642813082809905,0.23891889677204634,Minor Event,Medium,1,145.95917951994164,163.1825153733671,-62.795769667357014,54.297182001869565,0.01739366857377227,0.4637234100985447,144005.25653170128,0.7768962746489002,17.37992379136485,1.4531233731210094
2025-05-20 00:14:31.449893,2025-05-20 00:14:31.485460,0.6324672382846099,0.02008393922069318,Minor Event,Medium,3,347.44608298778456,61.10290577422242,-57.54786840575234,56.285063996278375,0.010423411179400922,3.784375668939392,67627.90109424484,0.8673845662285887,36.49234430867416,0.6397357695509329
2025-05-20 07:04:56.949417,2025-05-20 07:04:56.984571,12.012815651654345,1.177930870721707,Moderate Event,High,1,85.91441738820214,214.1550387091095,-55.62466775894268,80.94450850205303,0.4539385820457072,0.7353072299760641,3688895.1049407097,0.5084839082053846,18.403260554312972,11.93357023679131
2025-05-20 17:10:59.909324,2025-05-20 17:10:59.963514,1.2567207351563328,0.47218461662108135,Minor Event,Medium,5,136.0960635746761,-101.39493308092918,-51.60258304089573,90.81956220042237,0.04507429585367261,2.4629568313528547,322312.33389220864,0.8557862149471404,25.578424109972648,1.2574476527290497
2025-05-21 00:50:42.179431,2025-05-21 00:50:42.279366,0.36743986837801196,-0.6219588666547429,Microseismic,Low,5,172.11954933919037,-136.38528787109604,-45.8429125083546,146.11280849891375,0.00987329533090571,3.2728283878251108,7363.116975295314,0.7943964313920079,14.940409983981143,0.36374357394658924
2025-05-21 23:15:42.348819,2025-05-21 23:15:42.437319,0.079245477990494,-1.1965400610032164,Background Noise,Low,1,125.96355415669393,240.84792845428146,-45.14824894770411,160.67836503597874,0.0024412936000150166,1.2131006807409788,1012.0218949274047,0.6812976006684978,28.204519247046182,0.07949942164995592
2025-05-22 04:31:28.178029,2025-05-22 04:31:28.185032,1.3413867336603682,-0.3629605595260966,Microseismic,Low,5,109.65423099799256,-91.8130511962884,-29.0110187638075,449.4708456745355,0.06621532775253994,3.02439422067845,18011.8848025619,0.5904650886906239,22.385699864233658,1.3378799461404447
2025-05-24 04:18:38.011937,2025-05-24 04:18:38.022984,0.32845986888917017,-0.6872095643534162,Microseismic,Low,6,31.626961070316035,48.17371008248186,-48.63368515587185,464.1356408230137,0.0038771491899557073,0.33187158275429807,5877.405478761156,0.7992072603687189,27.815394369862855,0.3293846129547666
2025-05-24 22:26:21.039069,2025-05-24 22:26:21.137302,0.2620990455257947,-0.19733558246953198,Microseismic,Low,3,348.05800865193356,51.08637772908473,-28.618292598621945,192.2276783220076,0.011329414898281216,0.3564368049654948,31915.130625611248,0.8512725171609186,24.479751216001816,0.2619626888160728
2025-05-26 04:24:24.855684,2025-05-26 04:24:24.938305,3.0597322850283586,0.2020074520602168,Minor Event,Medium,1,123.88363925102138,192.53201463246862,-61.73570207012125,77.03265519188868,0.11578279309446679,0.43422576958701375,126768.44937405513,0.7038252385213876,32.737526006650306,3.083407043157153
2025-05-26 10:45:36.882139,2025-05-26 10:45:36.891288,14.22574295846558,1.5305358199003707,Moderate Event,High,3,346.3801852212055,14.762725159205232,-40.690225149962274,93.50100139030404,0.5606152793071275,0.7608756503376408,12468199.131709645,0.8057182887346473,21.845039350630262,14.180861299223572
2025-05-27 04:40:56.380822,2025-05-27 04:40:56.391769,4.898816876080133,0.7614101472068203,Minor Event,Medium,2,300.71789099535397,202.07427738781195,-43.67433932035214,74.72144230060167,0.15113052132640992,4.1523446230630485,875215.9442244641,0.8426581114541476,26.58902584600942,4.906601222711092
2025-05-28 17:54:57.860710,2025-05-28 17:54:57.879632,0.7745912116261613,0.27070969802057543,Minor Event,Medium,5,116.65763839366291,-117.06572627133355,-39.93491033491643,20.27219012458928,0.03308951484756681,3.6691805940244477,160718.01024555843,0.7447850232001781,25.232182740780743,0.7747710583366614
2025-05-29 23:23:48.825978,2025-05-29 23:23:48.851958,3.5772023104405406,0.8333888977332592,Minor Event,Medium,6,93.2650944661092,103.72774824430576,-57.363528339243594,42.25436508729368,0.0614559527071906,2.902400480015625,1122233.8044874754,0.7230750350580204,27.45209785851383,3.585973960565443
2025-05-30 09:21:44.171186,2025-05-30 09:21:44.242043,0.7988865870766424,-0.12394098194154493,Microseismic,Low,6,40.39736264608298,82.55605394733566,-51.32897733211933,109.8347665835206,0.00869583421376702,0.8819715404344604,41123.353887995676,0.6922072565557843,30.400345001610823,0.8032008502640158
2025-05-31 11:40:46.795272,2025-05-31 11:40:46.822635,0.37687441871286137,-0.12899379161656754,Microseismic,Low,5,116.44519357025189,-103.31828562783394,-56.94703368917783,409.1291120067218,0.007236798109737594,0.3815957482760285,40411.90399438296,0.7766567985563653,21.098491730715477,0.37540404005177136
2025-06-01 02:27:11.880993,2025-06-01 02:27:11.967805,3.554547566854621,0.765708370521817,Minor Event,Medium,2,298.3569764321486,202.34591663176255,-41.57274653622296,78.23757524118494,0.15565836238944522,2.962784225207454,888305.9187005016,0.8231959373723469,28.54501878794256,3.5671485047617564
2025-06-02 06:15:45.576143,2025-06-02 06:15:45.624295,0.732222563694633,-0.4348321656114514,Microseismic,Low,1,136.0188086582163,208.89310371333917,-59.95355363924017,230.37018558082997,0.02461040862043924,1.2356625066913527,14052.440386025246,0.9224830133720762,29.509124001808452,0.7355242460312542
2025-06-03 02:22:33.594102,2025-06-03 02:22:33.669808,7.611138803015257,1.3340982802053005,Moderate Event,High,1,99.5164604580374,188.57990560720853,-52.63321902613964,98.73294636037892,0.11949352226352988,1.481851912418015,6326265.586289621,0.7301657387880165,33.90812545212684,7.678939782306068
2025-06-03 15:23:18.880306,2025-06-03 15:23:18.912952,0.5760375660540775,-0.3889222621071871,Microseismic,Low,1,100.75320466335876,190.577836553946,-39.248757247827115,228.83788088773414,0.028282669983438532,0.5484359812906909,16467.080434264433,0.8085893308495207,26.052839888142927,0.576644041380688
2025-06-06 05:36:42.786881,2025-06-06 05:36:42.848541,4.741509282738813,0.7888607800062105,Minor Event,Medium,1,113.96446627227179,207.869707708435,-41.04806779972267,37.24776829156657,0.2019551264529,0.26701289951632534,962257.2014678036,0.7044880070576974,25.987998023461998,4.746193884538385
2025-06-07 05:42:02.898423,2025-06-07 05:42:02.962781,13.23886158489713,0.703480623580356,Minor Event,Medium,6,53.95821566925296,114.64430504971295,-44.24917178964037,50.531498214747295,0.4584575518688931,0.8980242602988578,716507.8211564111,0.9036490984060735,27.529955549797673,13.272355316236844
2025-06-08 20:29:31.972977,2025-06-08 20:29:32.022305,0.15003395975380712,-1.2422839389624571,Background Noise,Low,3,339.9548856761175,54.23189940760786,-29.089538978353325,159.0753604649462,0.005957587609962393,1.2084871588148278,864.1200688196641,0.9541130038021123,35.00868551265068,0.15153560247320066
2025-06-08 23:22:57.954978,2025-06-08 23:22:58.003645,0.23234249214946084,-0.5415210280358689,Microseismic,Low,6,38.544631509029486,54.45559068153834,-70.48779822512212,286.3251228080994,0.010092939864336613,0.6378307970203436,9721.168208808413,0.6058380965631825,26.153204551321824,0.23261043056887307
2025-06-09 00:51:52.529972,2025-06-09 00:51:52.571275,0.10130544408362373,-1.4252344291446422,Background Noise,Low,1,110.87200309188864,192.58771335827788,-42.283012893516556,103.88500540996486,0.003415820413811362,0.45711459523526277,459.35490303548323,0.8156081310081817,30.804133936892597,0.10189343444962147
2025-06-11 01:41:52.512593,2025-06-11 01:41:52.525680,1.5584555601926915,-0.0712551138958332,Microseismic,Low,3,359.5408165444624,11.62650485936365,-46.57772760555688,279.5110295325612,0.057313163325685305,0.415078153837102,49330.705796955626,0.9679688722688748,18.517491162595853,1.5483528582510406
2025-06-11 10:15:10.174758,2025-06-11 10:15:10.235312,0.26844355757447447,-0.7144149612475523,Microseismic,Low,4,304.29018570610697,-101.79045220495811,-44.37344377748831,447.30851220530343,0.004894705444452932,0.33738604278056916,5350.2929018491395,0.8726521098178132,21.562282743302042,0.2675207245241513
2025-06-12 16:05:59.488378,2025-06-12 16:05:59.492312,1.4090290253604554,0.5827949569992527,Minor Event,Medium,5,99.30090270935735,-116.18124498453369,-60.94563232413784,70.37974725732657,0.0364870314061933,1.407457133950005,472272.25832607335,0.6323497907566352,19.67218137567487,1.4015219742769254
2025-06-12 17:48:18.956303,2025-06-12 17:48:18.969574,1.8407386467126037,-0.09146550744029291,Microseismic,Low,2,312.2554781012514,158.93168873652687,-51.23768960695805,447.25690175100215,0.031450845014838184,2.4593797527607077,46004.65083359851,0.8843025133175444,26.824805012331126,1.8440976358215164
2025-06-13 01:51:59.107179,2025-06-13 01:51:59.168964,2.098701575361881,-0.1476622517863596,Microseismic,Low,1,121.01308792015224,222.11051865915968,-38.1296969443962,186.27006095908686,0.07629917472803206,1.1013031297917177,37888.431110527716,0.7334461419533956,30.02571286639009,2.1092490468718905
2025-06-13 14:15:12.988308,2025-06-13 14:15:13.066547,1.2179193449505117,0.15263478967535765,Minor Event,Medium,1,106.0479768847645,184.29293714975893,-40.98525370052214,88.39966010892611,0.02763194543286601,4.163599319400761,106893.7183585522,0.6897663367103836,18.325980808905115,1.2097909278691064
2025-06-14 17:56:03.464242,2025-06-14 17:56:03.527263,6.725435167114694,0.7081400947008782,Minor Event,Medium,5,160.56714384460477,-151.05454135632075,-55.03535985577198,40.458920204787304,0.12839383741565283,0.2520261765107744,728132.0405292658,0.7977228401920596,29.90882743495797,6.7584491677750576
2025-06-16 22:55:42.036157,2025-06-16 22:55:42.088065,1.1165039607813718,0.027042145693204483,Minor Event,Medium,5,121.79216319855217,-143.62787966597602,-53.49987891399726,42.46470576274327,0.035701966540505004,2.847749340607789,69272.87598997631,0.4974168366932933,25.434295815809016,1.1169888537798733
2025-06-17 21:35:04.430987,2025-06-17 21:35:04.520658,0.39691364484987907,-0.7041498443583327,Microseismic,Low,5,150.6146478507599,-135.07929177733354,-54.80675076866774,294.34870367453027,0.008045861384738335,0.7705899851833239,5543.387439702581,0.9151873949624424,32.57258781294791,0.39991930827966204
2025-06-19 02:19:30.123219,2025-06-19 02:19:30.150481,4.169098506772578,0.5335912582113385,Minor Event,Medium,1,78.82721301205837,201.26330918614346,-46.706842148482245,22.535587306018133,0.09093275605455603,3.2540117086332243,398461.9787463761,0.8555621919605327,28.981044042262607,4.18569587154457
2025-06-19 22:23:16.638519,2025-06-19 22:23:16.720094,2.92239785722449,0.078043685179574,Minor Event,Medium,5,74.46174603800785,-95.87693208658817,-48.16028447453138,88.99961401809874,0.05588557204503733,0.5766281883603115,82616.25942831117,0.46329651847223025,18.780683823043574,2.904222540955551
2025-06-22 17:16:44.738537,2025-06-22 17:16:44.816590,0.7178560357464684,-0.36915660816205054,Microseismic,Low,3,358.71111696749625,67.84527320740267,-34.133217914699195,159.8815871827831,0.019351814068393532,0.43207091832596956,17630.518621902193,0.8611967733227565,30.46635452729965,0.7217800913374205
2025-06-24 02:17:48.779394,2025-06-24 02:17:48.797239,0.4602055807685363,-0.6308619545642373,Microseismic,Low,3,335.19906164354455,38.85016429984333,-53.698029795790774,337.7905340744692,0.013746651039199186,8.910266326762653,7140.145604382571,0.912085332958269,29.881919767310514,0.4624522674903168
2025-06-24 21:27:01.255529,2025-06-24 21:27:01.354655,6.201920262029754,0.420920467675476,Minor Event,Medium,3,317.01835332131554,70.91470265080682,-38.3087594990091,30.165067487489676,0.2221006473496028,1.911447163719539,270010.5301241607,0.9528800961272834,18.888811014622178,6.164019155236247
2025-06-26 00:35:39.298972,2025-06-26 00:35:39.343213,2.9804072745584436,0.04420722045938641,Minor Event,Medium,5,139.3081594887076,-107.37417433479665,-67.56615970796804,69.61253345482788,0.05732267252698622,1.3207713408446005,73503.97582684063,0.5976796435114432,16.019855067584622,2.953642785275284
2025-06-26 11:42:35.667564,2025-06-26 11:42:35.763731,7.952229077490771,0.5709668203349563,Minor Event,Medium,2,313.88812637890743,177.77547877302598,-54.039076414647894,76.83551624504838,0.19008102603734858,2.286722545752177,453367.3395833981,0.7808690951474326,28.900390898582913,7.983245879408062
2025-06-27 02:36:40.932419,2025-06-27 02:36:40.984515,0.6709805770155574,0.0819803692543942,Minor Event,Medium,1,104.50685507378134,203.10854661485874,-25.34266044580071,20.13388195880313,0.008403603187369256,0.3503307504530613,83747.24977296816,0.9131744793383835,25.30014502876006,0.6711819685001431
2025-06-27 15:02:34.443311,2025-06-27 15:02:34.525840,0.23858888690172353,-0.8426462504827923,Microseismic,Low,2,307.77157209061926,229.8599903486558,-45.060709115398936,496.8632059293251,0.010511510186967212,0.5676773676788638,3435.821747430708,0.8521836675289616,24.505551734044285,0.23847091704031867
2025-06-29 07:22:26.191602,2025-06-29 07:22:26.279399,2.27247779736711,0.6465300850644098,Minor Event,Medium,4,286.43395612392027,-110.92520342061795,-38.18931346325297,7.174913372731424,0.03670425689575762,0.6062120388637262,588565.9420302259,0.7615694004669353,15.154263570132262,2.250103579931507
2025-07-01 09:13:28.762773,2025-07-01 09:13:28.823410,1.268834298170523,-0.2573970657298167,Microseismic,Low,6,39.67487968125746,98.63552194817412,-62.99538921232684,291.29360921922887,0.038375007947816286,0.6293674363935337,25936.08384087855,0.8795194318398034,26.508475674730203,1.2707483038445764
2025-07-01 11:24:27.972074,2025-07-01 11:24:28.065719,1.0527514097182364,0.3737744691989622,Minor Event,Medium,5,132.6524259956854,-119.01893181451285,-54.307004131954784,39.6558308187303,0.02680140191042987,1.7622504471830789,229436.07462652097,0.8608157938643464,17.52060900972291,1.0448774703093884
2025-07-01 22:53:10.873825,2025-07-01 22:53:10.916859,4.7518106680714665,0.34752388676684387,Minor Event,Medium,5,112.65551568090014,-134.13513514436355,-48.97550285639876,10.917720822355957,0.1443452068044683,11.52575977359987,209549.1145926086,0.9428676151838993,29.56217624629583,4.773489265828236
2025-07-02 06:46:43.475082,2025-07-02 06:46:43.527786,0.4710611289183153,0.0596814837903607,Minor Event,Medium,6,45.82079025335939,54.54350775876986,-41.54593809388328,54.9229390870208,0.013785789470587624,0.48932392302769334,77539.36243010103,0.8523731978193054,31.847204882120522,0.47428658098002197
2025-07-02 10:32:06.560204,2025-07-02 10:32:06.618419,1.0399383021563522,0.19798240131791078,Minor Event,Medium,5,100.11787533915614,-120.61877994311249,-71.60158008293831,85.21392286026352,0.014479376322838746,1.4398034712596925,125018.30371643078,0.8021798617673569,20.68547330624751,1.035451460591843
2025-07-02 14:19:26.109695,2025-07-02 14:19:26.147284,0.5770741818009847,0.04624818832040606,Minor Event,Medium,5,74.47252982815996,-110.69909077969636,-50.33347171436487,81.84392885545117,0.007534669683450423,0.7552525545030216,74023.9545455305,0.7987041492915098,12.84143214368926,0.5700577862034324
2025-07-04 05:29:03.649219,2025-07-04 05:29:03.694231,1.467015659300341,-0.10660055599623935,Microseismic,Low,1,100.64008298131533,184.93164259307633,-45.40027857060883,304.8887683250698,0.054586348752593376,0.1851322388327087,43661.5516845336,0.8274921972267657,25.923401529324543,1.4683703038036817
2025-07-04 10:42:14.795673,2025-07-04 10:42:14.796884,0.3274068972805903,-0.635208946065984,Microseismic,Low,3,330.567719229787,29.061780346361207,-34.63347247472714,169.64373413363376,0.004562685547948752,2.2594008200670257,7033.744375829395,0.6492100297071558,28.035655503918093,0.3284007918303409
2025-07-05 11:40:17.218373,2025-07-05 11:40:17.256567,7.9517391327757085,0.6061493862188204,Minor Event,Medium,1,82.77232595286512,182.39076070355188,-40.37800645404883,35.61047282723969,0.11935037863767446,1.386186525408203,511945.9119014793,0.7157242276435768,24.861646662028694,7.950638983124012
2025-07-05 13:29:09.024676,2025-07-05 13:29:09.086326,2.172645039318979,-0.06799952271169102,Microseismic,Low,3,331.8339573806839,6.687095431917527,-30.257377778711923,165.4735205861206,0.04552050343635702,5.371018183885232,49888.53098694813,0.9331393450214777,30.67742508181385,2.1849800687590872
2025-07-05 20:10:10.260726,2025-07-05 20:10:10.286569,21.215581049477677,1.0477183021180516,Moderate Event,High,6,63.77356047370852,89.81949903276502,-47.651222139501826,78.76250741747384,0.7689899964506564,0.4906403952478917,2352759.052979384,0.8345535851645469,24.528141249823094,21.205570291919393
2025-07-06 03:52:54.113386,2025-07-06 03:52:54.185984,1.4872489935080258,0.490169013546361,Minor Event,Medium,3,341.5160195594378,31.197021711265734,-25.21873173826739,75.62525967727788,0.051276805961069795,0.3239440081616244,342967.9363778481,0.7717181287661222,20.718467152784253,1.4808812880903326
2025-07-06 09:04:53.574340,2025-07-06 09:04:53.617720,2.1117079074557457,0.6363860630413867,Minor Event,Medium,4,255.89716415591445,-104.1804651457205,-56.505204542093,81.00674202642016,0.03835162559650134,1.7197438246952315,568301.8823880975,0.6949411070190844,26.38991532371354,2.1146430026355256
2025-07-08 00:44:46.511436,2025-07-08 00:44:46.511959,9.44771368359626,1.236317483380549,Moderate Event,High,6,66.53988778234636,95.95605346098833,-43.736331390043944,84.98718529218733,0.27221472735970226,1.494512074678574,4513113.18169264,0.6855046884556489,18.748767509398405,9.388653828855462
2025-07-08 07:06:37.795650,2025-07-08 07:06:37.817371,2.645061636024039,-0.0756843199249646,Microseismic,Low,5,102.4994918468751,-128.3238800546028,-63.80782062650339,260.93084987462237,0.11894974119330974,1.5271476320126478,48581.790865061084,0.7500730107082453,24.900122856400486,2.644797454823188
2025-07-08 07:38:05.942899,2025-07-08 07:38:06.002836,0.7409481882444132,-0.028066515506997763,Microseismic,Low,4,279.8591440215053,-73.75182756514735,-36.84097946634638,383.0723738963663,0.030782395054302195,1.5565916664303763,57266.445398955584,0.8370612811188098,20.56978772834163,0.7376656304881898
2025-07-10 12:36:37.359515,2025-07-10 12:36:37.368375,2.9331340590804706,0.7029950271305423,Minor Event,Medium,3,322.6907595561564,31.857473074894987,-29.433447162272078,21.48060705526594,0.10413250837062749,1.47101838524704,715307.1080819597,0.9278585925063297,26.51890154745253,2.937589200941694
2025-07-15 19:55:23.088863,2025-07-15 19:55:23.186828,0.3159946964994359,-0.8350260953366059,Microseismic,Low,3,352.8177249382241,14.63121268874297,-36.76832285815219,203.71870354630948,0.008590717930608548,4.222892866231185,3527.449922447965,0.7500150406121717,22.336495801690443,0.3151530432986661
2025-07-15 20:14:17.173721,2025-07-15 20:14:17.222018,1.5951728718029288,0.13965845784650557,Minor Event,Medium,1,135.4450319333949,190.71359311005068,-53.460844171724084,42.889422821854296,0.07482145964448927,1.3775469210664189,102208.65817243487,0.8816350841487071,19.65374703023921,1.5866446740997706
2025-07-17 03:12:07.613812,2025-07-17 03:12:07.698291,0.16140759271486496,-1.0239370195518323,Background Noise,Low,1,89.47843935576083,199.71960923484824,-48.9835571231049,111.66434039010599,0.0038566299326291994,4.7018398740176535,1836.9378830405358,0.7112425051975758,25.436655289577047,0.16147807219400181
2025-07-17 10:15:32.309006,2025-07-17 10:15:32.402688,1.4456236934929836,-0.07978695142410622,Microseismic,Low,1,87.91975450149747,208.16690328789556,-50.04699404440172,157.9860289519268,0.05638832898373121,0.5243842292734121,47898.24188793848,0.8810226511500583,21.963272006172726,1.4412337275544136
2025-07-18 03:23:12.583601,2025-07-18 03:23:12.592485,11.648623330129906,1.2500287077239522,Moderate Event,High,1,79.68356362043207,201.23359699695942,-45.71183499669427,11.428494380500151,0.4462984104003172,1.6685006012347678,4731981.756380221,0.939277271028414,10.393247582526964,11.478474773142299
2025-07-20 15:35:07.714030,2025-07-20 15:35:07.808600,2.7839527350886275,0.4069574187119605,Minor Event,Medium,3,368.0786968217239,62.38308522010396,-19.425045302883014,10.915945058779133,0.08491085338225952,3.383959576736265,257297.83272384043,0.7906173814107027,21.454831441676475,2.7740831533843324
2025-07-22 13:18:09.982399,2025-07-22 13:18:10.015421,0.8935765596735336,0.20788327352004812,Minor Event,Medium,6,30.51927553764246,89.18994612141384,-39.174060345184074,58.00817018435079,0.028684294199548762,0.2977673164359308,129367.4179939193,0.9102706518917552,17.4193208994839,0.8868026425229053
2025-07-26 18:57:10.270788,2025-07-26 18:57:10.307981,0.11708617342316455,-1.3380864152799223,Background Noise,Low,5,99.25093198572507,-156.61536896789733,-49.99348196044313,168.9281628550759,0.003875989614456867,2.113429035666552,620.6837524651406,0.6231044491698672,27.423664086472375,0.11736995097671274
2025-07-26 20:08:45.250383,2025-07-26 20:08:45.329709,0.5971254904087906,-0.40717271196240423,Microseismic,Low,3,365.777985960669,44.56175997853127,-39.72677239135827,339.2450517476072,0.006768622887620092,1.0041486475332486,15461.119328627621,0.8149905270953218,29.721448210911408,0.5999447874871708
2025-07-26 20:39:10.216856,2025-07-26 20:39:10.313632,0.587894164024889,0.2577151384183598,Minor Event,Medium,5,142.8477028794825,-141.24787056293758,-47.71692902792351,88.78313703894118,0.01593168934862292,0.4540314889653688,153664.202949098,0.8522140279562399,20.97314086474828,0.5855267970399243
2025-07-28 07:24:24.351442,2025-07-28 07:24:24.437260,3.3727580006312365,0.8470486950268801,Minor Event,Medium,2,305.7196988144492,171.42314128739125,-58.27936513768452,29.160588211940087,0.1442535483868405,4.337561171824135,1176448.8310515408,0.9064026940138344,23.490577474047242,3.3676670837304963
2025-07-28 20:02:58.922108,2025-07-28 20:02:58.994016,4.61130269054478,0.9034949314082724,Minor Event,Medium,2,296.6219843938512,195.2718220123971,-32.429400433109066,63.98821391045096,0.1111093284807147,3.7833396900686167,1429691.7039592254,0.8438601172524413,19.10480104420099,4.584118143738607
2025-07-29 13:09:52.290751,2025-07-29 13:09:52.359384,6.856624506230274,0.40575151472893456,Minor Event,Medium,6,41.95866510966658,90.48529355286338,-60.09195240485464,66.07378145557723,0.25894743839595497,1.537564962577099,256228.40437748688,0.7479750494039002,18.416255765889716,6.811482244171922
2025-07-30 02:59:15.239283,2025-07-30 02:59:15.326403,3.928794770502548,0.7592442465239476,Minor Event,Medium,2,313.34921563278624,197.1851444999968,-41.53822254167258,5.01789795787528,0.06585934070524935,1.0878039054933366,868693.095690802,0.8169207169628343,31.537894053799914,3.9544808144712165
2025-07-30 22:04:35.117251,2025-07-30 22:04:35.165158,1.0484010069598098,-0.4614724816523331,Microseismic,Low,6,45.562781924093876,88.43368936528888,-59.352222328006285,464.3080646575661,0.04210218682720623,3.3685555343528772,12817.14441023641,0.7623986258984774,22.366222836725047,1.0456397523297245
2025-07-31 01:16:58.417150,2025-07-31 01:16:58.504425,2.4779147517632687,0.43478483781503996,Minor Event,Medium,1,87.08457298726863,162.29599895957767,-52.962674435088815,61.84396100828709,0.054240345457750944,0.8131187912493482,283254.7860591145,0.6799604982164175,24.477753907312643,2.476620670466148
2025-07-31 01:57:29.000538,2025-07-31 01:57:29.079996,1.3463724910098926,-0.33616450369007467,Microseismic,Low,3,367.0470271378895,36.309635755660615,-21.39315554129461,200.92289993576262,0.02532393641405013,1.440325237992004,19758.466932130013,0.9044712298430095,25.13860844238285,1.3465591096037388
2025-08-01 06:48:41.306198,2025-08-01 06:48:41.312667,0.8855953218508682,0.35791189315526434,Minor Event,Medium,6,54.8209695421633,90.22405199049962,-41.26341454837042,89.78971254571037,0.024562163879963857,1.9683472575305778,217204.010419211,0.6941187844764977,20.17251007085472,0.881320119353335
2025-08-02 17:53:34.765335,2025-08-02 17:53:34.803786,1.709487959939759,0.22053311499392564,Minor Event,Medium,6,32.08002386370996,61.382376116131915,-51.46792605492157,30.55109985351475,0.044923422781536215,4.541641870320665,135144.90349656748,0.8081081003667643,22.652239104693333,1.705474490956415
2025-08-03 14:29:52.828309,2025-08-03 14:29:52.852195,0.08190760513316357,-1.1137044259654818,Background Noise,Low,3,319.3345079258175,59.040666891715375,-52.400602924705844,92.10248232739615,0.0014972467065408378,1.5537083786488413,1347.2350128882374,0.886957461233297,15.624137651771278,0.08113965070216196
2025-08-05 09:30:49.484771,2025-08-05 09:30:49.577946,1.8927509406508416,0.17410851192724558,Minor Event,Medium,5,136.99433512809222,-131.5057941980554,-41.61760407134243,59.60405765511944,0.021173691691037427,2.350447759054756,115123.1774710566,0.7351257466085134,24.56392200792175,1.8919255536211383
2025-08-05 22:21:54.127223,2025-08-05 22:21:54.166210,3.303602775671458,0.6899308270757899,Minor Event,Medium,5,126.9654445280545,-151.62381404064266,-43.049616859238846,83.260086501023,0.15924165002375507,3.5429556217301323,683748.2701733125,0.8905592495513798,20.83853058440914,3.28985493375924
2025-08-06 06:06:23.988651,2025-08-06 06:06:24.025556,0.11636983312038568,-1.31313458799261,Background Noise,Low,4,298.3949522865598,-97.7216074379846,-64.74444263827695,162.47761466546996,0.0030846166843728814,2.177460167131082,676.547226523987,0.7327795019270956,29.567973958895998,0.11690140748768067
2025-08-06 16:53:45.441138,2025-08-06 16:53:45.455025,2.8347655688007345,0.6934983994343772,Minor Event,Medium,5,98.50201885381759,-118.83297991429045,-59.44784206726527,18.50302676037848,0.02967507556910015,1.1964813712874753,692225.5087441688,0.9699747970314679,25.799281959987002,2.837031345780669
2025-08-07 10:45:22.013133,2025-08-07 10:45:22.047450,0.48036446116174614,-0.0892556429708744,Microseismic,Low,1,96.62820758378501,187.0462394863314,-52.959768434057345,131.04585789257635,0.01522821379568639,4.0572747074957265,46357.129452742796,0.9140517571652834,18.356973902022183,0.4771733875097076
2025-08-07 22:51:52.004315,2025-08-07 22:51:52.062242,1.071621501531878,0.41969345193560154,Minor Event,Medium,2,304.6425702371734,174.55144597511418,-45.74910844655019,42.33255140780267,0.03325509848447919,1.5335743796474497,268868.6570131237,0.9315685914626767,24.22767240566012,1.070793858675557
2025-08-08 14:02:01.495903,2025-08-08 14:02:01.547627,2.764022942974172,0.32045192166898084,Minor Event,Medium,3,338.75663946843395,45.81556252510944,-56.8343819222095,69.32646077482589,0.09461573918433813,1.0069813731177835,190843.72399759997,0.7756390215764352,26.400805794098034,2.7678948023277097
2025-08-09 11:55:50.683115,2025-08-09 11:55:50.697170,0.9336933474178828,-0.024340617627770508,Microseismic,Low,3,349.7109545824344,14.654052937788478,-54.50973262441088,225.28250442806961,0.014829360335498282,1.4382801313678122,58008.157803091395,0.8295322390520714,11.88105882225367,0.9214442793150545
2025-08-13 04:00:38.730671,2025-08-13 04:00:38.830157,0.381057857046869,-0.37362795799177917,Microseismic,Low,5,89.20666961453361,-149.72554059900588,-46.7104206360748,161.65801727139484,0.012250423051779192,1.6604835761790255,17360.33346381405,0.7017942784375957,31.138604385695892,0.3833970204793408
2025-08-14 16:25:27.627847,2025-08-14 16:25:27.653780,0.3628572399717834,0.026153178706115332,Minor Event,Medium,4,262.69921547302016,-80.77156629264914,-66.2472404690074,18.223686627841072,0.0100735519702072,2.0682524115640226,69060.50790792648,0.6615882971941648,34.79173727110297,0.3664102427325046
2025-08-15 07:27:38.268190,2025-08-15 07:27:38.288321,0.943298457885238,-0.04980483806329787,Microseismic,Low,4,277.8810329139173,-66.7111949210358,-32.38093575233894,241.384296218713,0.026731811430385968,0.1774433270414283,53124.24157269453,0.6430355525060378,22.382278093565713,0.9408291648477262
2025-08-15 22:24:53.949447,2025-08-15 22:24:54.046408,1.5764441779221265,0.6467907400258146,Minor Event,Medium,2,299.73056356669684,187.8104579513,-42.447266125864374,40.656341252362175,0.03378531466940698,0.5543611058167728,589096.0490766516,0.8456809413436124,12.901273762941187,1.5573712113854417
2025-08-16 07:04:14.297599,2025-08-16 07:04:14.355327,6.908465281222537,1.1039093740224477,Moderate Event,High,4,273.26204348833016,-102.13302582872791,-34.09572525593618,99.63168021574691,0.08551894356180315,0.10634575366998082,2856696.2259673406,0.577560643098668,29.42729479450169,6.9390510936000895
2025-08-17 07:16:15.613200,2025-08-17 07:16:15.706126,4.250177854490011,0.15895656116897128,Minor Event,Medium,3,334.5424466435278,58.141045742490704,-49.71656734541286,81.42153472955297,0.08989294000317187,0.5732301824724971,109253.36994311324,0.5796004681030669,27.565427100486467,4.261081375939807
2025-08-17 15:14:36.438876,2025-08-17 15:14:36.440308,3.9358030672753954,0.835509491800403,Minor Event,Medium,5,130.32356574229917,-110.66549064815793,-47.14037717072729,89.02030617268782,0.1495659121917279,0.3205320108411195,1130483.5253245689,0.9328042595231222,35.5472229732123,3.9773148598046015
2025-08-18 03:31:56.395221,2025-08-18 03:31:56.452925,4.227117768140566,0.8238006235809714,Minor Event,Medium,5,120.6038157442031,-107.8278511528652,-56.63268955660833,52.55930546668969,0.17661160868863446,2.5557557155672996,1085677.7448292386,0.8282688540454212,21.45213853523388,4.212120539903951
2025-08-18 06:04:45.201585,2025-08-18 06:04:45.224823,4.699720430737091,1.1013000777379118,Moderate Event,High,6,37.40189490563175,103.00592052602786,-52.20157339002392,57.153142696955975,0.08821825705866312,0.16849807556094906,2831066.7986467555,0.9370639959470829,28.389718924763365,4.715651162022257
2025-08-19 06:58:20.158637,2025-08-19 06:58:20.204032,2.683983942508196,0.7502119048903136,Minor Event,Medium,6,54.19318830549251,70.16727628735906,-46.928774033626894,83.14080546649869,0.1131523084136347,1.7081618061498052,842011.1787420526,0.7031932182394233,22.455181871462507,2.6771536915145977
2025-08-19 15:22:48.151432,2025-08-19 15:22:48.201102,0.7163003209417693,-0.015347157361887603,Microseismic,Low,3,341.8143512377379,36.86178799005052,-55.383699989681034,141.09930098096936,0.012579366098738115,3.15586919608662,59838.30236813306,0.6751323891052037,14.632895555318086,0.7088743607008068
2025-08-20 08:17:41.477662,2025-08-20 08:17:41.571707,0.9852475868198869,-0.4237391586599956,Microseismic,Low,4,274.5404920016033,-115.55078079689955,-40.713152027830844,225.33916703405725,0.04094422842744526,4.548881815408056,14601.29118768748,0.8212641101722254,28.780266610393234,0.9889720853753126
2025-08-20 18:28:25.945648,2025-08-20 18:28:25.954577,1.5240067278627198,0.07063568969492742,Minor Event,Medium,3,389.63383612800055,59.230248100316174,-30.96519291459319,18.216005644653315,0.03073808084930164,4.2670794805131935,80529.22778294359,0.8841928333002518,36.20567284510365,1.5410842486688863
2025-08-20 22:54:42.866349,2025-08-20 22:54:42.966296,1.007691707197792,-0.3918642504542576,Microseismic,Low,6,50.010559177131945,92.0241349785823,-69.43854816133542,183.55308960206548,0.024938643410570456,1.0234781689040748,16300.601272721406,0.7168273103897471,32.26233767235372,1.0150099046450929
2025-08-21 08:06:59.328437,2025-08-21 08:06:59.413472,3.4786649073165212,0.5136944002252051,Minor Event,Medium,6,27.223337644384618,93.40961234482425,-65.71857233040156,62.736451614008644,0.07587684455747927,0.39375648496137505,371998.8525996673,0.7997190386289557,32.739998769620094,3.5055897694190716
2025-08-21 16:20:31.926526,2025-08-21 16:20:31.946448,0.6612065201871715,0.21055213015407767,Minor Event,Medium,4,282.26938073430955,-106.21508943561598,-42.85599063429562,56.66154414729255,0.009253368933295997,2.429789099023428,130565.42755205232,0.8317575941417317,25.411649433585435,0.6614787054766896
2025-08-22 06:25:06.477627,2025-08-22 06:25:06.551247,3.63583072025855,0.32727885147345337,Minor Event,Medium,5,114.48979419063198,-109.23876559636382,-52.41680802389894,54.30806661230713,0.1348954668146214,0.8475371593797607,195397.17351314845,0.779639641077024,28.3643061798341,3.6480627680195465
2025-08-22 07:36:32.163499,2025-08-22 07:36:32.175520,3.3540781393454933,0.29115600902571226,Minor Event,Medium,5,144.88107791724372,-136.46718409156847,-45.712841391996946,59.211714268688816,0.10975784846378694,2.2753882950153077,172478.12150399035,0.6863512185972502,28.84258557074778,3.366966471606903
2025-08-22 10:19:58.240012,2025-08-22 10:19:58.322988,0.2559295791212474,-0.8847845993486461,Microseismic,Low,3,365.77926710468796,42.083424385366754,-41.79624000235237,191.29414539747964,0.005083822371600297,1.423595769118734,2970.4558441999784,0.5965137914096407,25.10443244147981,0.255956306472042
2025-08-23 02:20:29.162578,2025-08-23 02:20:29.258855,2.1745920568115698,-0.08701716204317544,Microseismic,Low,1,113.24962120329032,182.675461039855,-41.671006714026106,438.8777756134327,0.04915857048912911,0.7465834745211679,46716.92586143571,0.728422554238054,25.303044178374666,2.1752510542747263
2025-08-26 04:55:45.033805,2025-08-26 04:55:45.098087,7.32886107069316,0.9038494981221011,Minor Event,Medium,1,82.02373623930197,222.29032568436918,-38.86051366784339,93.40764646042102,0.21907796377489036,0.6233813765890664,1431443.6198798984,0.8747263419121606,27.278093097622694,7.345556898511742
2025-08-26 08:24:59.938930,2025-08-26 08:25:00.035161,1.3806737438195518,0.26099965619785137,Minor Event,Medium,6,46.392166364751844,107.45696949353061,-77.11861911329507,9.170494551085486,0.02296059219985796,1.2795271348445523,155417.34452663717,0.9158061777115153,27.9427663488536,1.3847367440516098
2025-08-28 07:15:34.000447,2025-08-28 07:15:34.020140,0.24225867414686478,-0.67872477828474,Microseismic,Low,3,359.24345332163887,39.88687280125118,-45.72586663846319,105.2118271028335,0.0025600932435765307,3.6367691303342293,6052.1938872591645,0.5830200603104836,30.249921462856918,0.24353051315983168
2025-08-28 12:27:40.753986,2025-08-28 12:27:40.831295,1.1259907049975642,-0.1384652573794275,Microseismic,Low,6,77.84944325885145,103.50566215648098,-52.67844050257965,408.6507643914431,0.033729982291217785,0.12435391177540067,39111.28761284435,0.6484401489675978,23.962612386580638,1.1248226161873744
2025-08-30 05:10:17.927789,2025-08-30 05:10:17.991225,0.715477123374977,0.20263784181210237,Minor Event,Medium,3,328.3161721795535,33.10567076487809,-48.180860496105026,43.26261785391393,0.03275862944410928,0.10088575898770927,127044.76162974023,0.9820764253478423,24.57718500428096,0.7151746089181201
2025-09-01 10:54:57.537926,2025-09-01 10:54:57.565481,0.7358463639878872,-0.011173289374812129,Microseismic,Low,5,128.12954954476837,-151.59231014811755,-38.212902537366496,196.15956515740277,0.012997782539266877,5.107911963579373,60707.180930776674,0.9270357543580515,25.16287788704281,0.7359662170888417
2025-09-01 20:11:45.247761,2025-09-01 20:11:45.251363,2.131198807546717,0.11110270846984932,Minor Event,Medium,5,116.211726580369,-86.32907002443099,-57.27121385415116,58.515840993139435,0.057755643801487545,0.8900548344406258,92609.185098376,0.7905636191788062,23.420206367771748,2.127831953241542
2025-09-02 01:04:26.643223,2025-09-02 01:04:26.719534,6.19508878863127,1.1152083658174368,Moderate Event,High,4,250.97648619896881,-100.2417789569211,-60.52393444413119,36.498646411383405,0.2738304085261845,0.5640553198262062,2970383.6705579236,0.8182170643220407,31.17891095911077,6.233367690640008
2025-09-02 13:58:18.731079,2025-09-02 13:58:18.808191,0.45599911257419845,-0.18638531565492572,Microseismic,Low,3,291.50149641606646,74.95622395832494,-41.67196143072352,318.68020822270734,0.01426404766522414,1.8853002220500878,33145.30551961834,0.7007140652997071,20.778604907385024,0.45407416015814095
2025-09-02 23:19:22.357963,2025-09-02 23:19:22.378321,1.59407180102358,0.5852422598954036,Minor Event,Medium,6,45.5975263942006,93.58746565913006,-66.48794035158656,75.48015106107793,0.07003875689347366,1.1985411587744512,476281.1459045124,0.9025703569667372,22.698682992083384,1.5904033364760441
2025-09-03 06:39:24.196466,2025-09-03 06:39:24.286660,0.42208309681883366,-0.06790852001367431,Microseismic,Low,6,79.1946375007588,45.597948981043636,-60.984259353435604,317.79878364154604,0.016196524244981126,0.46621486062588935,49904.21402462565,0.7679223284031084,25.526546604395435,0.4223053432402363
2025-09-05 01:29:53.896016,2025-09-05 01:29:53.922549,0.24508322101536145,-0.3962622564999284,Microseismic,Low,5,135.85869706986213,-90.86580099876412,-48.88185816522739,383.3958789971189,0.004137879514862945,7.281328743625794,16054.863416656981,0.7683706665289884,23.6277998644549,0.24474691778626434
2025-09-07 05:40:22.708076,2025-09-07 05:40:22.720589,2.147829719107294,0.6824714620940009,Minor Event,Medium,1,116.77881000939225,187.65493626906152,-55.58301753946031,36.882993155635056,0.10554654046745618,3.983359352744885,666357.3511343134,0.6823695731802818,33.37246216673769,2.1658123421711144
2025-09-07 18:12:53.086880,2025-09-07 18:12:53.136506,0.44483980456595845,-0.06559070646281562,Microseismic,Low,4,272.258005950512,-105.87933895328365,-48.71599251858067,435.5989310872043,0.004651564986789483,2.532764161320476,50305.32282003879,0.7633465491315565,25.96603711357097,0.4452695363267628
2025-09-08 21:23:30.240892,2025-09-08 21:23:30.337596,8.033123196487328,0.45655314904018396,Minor Event,Medium,1,96.38479020408879,161.03305481145458,-45.794548907718806,81.83504853353615,0.297917182047717,2.0618141712023044,305372.3586766215,0.8036999559924735,31.764205873466363,8.087460895595285
2025-09-10 16:11:46.135622,2025-09-10 16:11:46.166908,1.7031250850834774,-0.021243381206684953,Microseismic,Low,4,282.03721412759705,-124.53751069027578,-52.346450897901946,264.66218418268096,0.08072774970195377,1.2261342070335284,58632.0296343077,0.7237639420909234,23.770750105110018,1.701031518751654
2025-09-11 17:19:19.161303,2025-09-11 17:19:19.229057,0.7889250610866648,-0.5308531549412729,Microseismic,Low,6,60.82113526985275,76.93031442088287,-41.12742588947404,352.9128614550559,0.01416884602624024,1.1837172910217846,10086.030278518,0.8957652330074215,22.359815010735225,0.786842152982729
2025-09-11 18:01:36.258724,2025-09-11 18:01:36.301926,0.33488170070123485,-0.004432038019658746,Microseismic,Low,5,121.54947437474459,-119.1225007247857,-48.21333765748589,175.9261211888624,0.01114731741553814,0.5574194624565646,62137.23771537095,0.7676283533917404,28.713749808934622,0.33612536755322975
2025-09-12 08:06:13.323445,2025-09-12 08:06:13.378406,8.480408083420468,1.1181956005748135,Moderate Event,High,2,285.5652489332549,183.53641744278795,-50.466800845872655,61.90923577928625,0.2963559264593275,2.1911185616462636,3001189.3791331667,0.7017574047333336,19.25868355623691,8.431719377041304
2025-09-15 03:52:08.061363,2025-09-15 03:52:08.122364,0.4286760525801435,-0.27020249439499566,Microseismic,Low,5,101.64994357971473,-76.89334503618765,-61.77562125472687,185.23400347392328,0.020388812087664906,0.11340910920945231,24813.970318578362,0.703966849998352,18.08770037526954,0.42571291526276284
2025-09-15 08:04:14.898977,2025-09-15 08:04:14.992604,10.474492064748432,1.0621230469743606,Moderate Event,High,3,347.80460992367716,59.94970514611316,-43.85383327525216,68.88374731237774,0.5140909843064743,0.31493235284125526,2472774.824314567,0.9192237246070786,24.2953604286119,10.46711132314942
2025-09-15 21:31:59.808517,2025-09-15 21:31:59.899972,0.24013401691840605,-0.6851429952657134,Microseismic,Low,1,91.21988098257543,205.2770340214787,-65.24415338120977,368.27021015293025,0.009133426598284554,0.5563741614532632,5919.506572528355,0.8195626152123818,24.62936446784978,0.24004501471925813
2025-09-16 05:25:11.453721,2025-09-16 05:25:11.455302,1.2329638795833302,-0.3319044775957652,Microseismic,Low,2,298.6564341990129,165.68480021778495,-38.179479342873805,369.14866743923193,0.016331799035554973,6.151999913268027,20051.3345728497,0.8397166776594934,27.360011354596374,1.235873688338954
2025-09-16 06:20:09.046732,2025-09-16 06:20:09.101157,2.940850258811911,0.711354405482963,Minor Event,Medium,3,325.24675155345403,34.73427791642837,-39.62062164552398,40.255729150862145,0.13772197134031233,1.8562994227461636,736260.6810583662,0.6497870596994765,30.534823831513208,2.957127346909295
2025-09-19 00:58:57.928340,2025-09-19 00:58:57.973775,3.558802083695124,0.681551055633893,Minor Event,Medium,3,371.09333157537526,58.721639102545,-7.3950891930857665,18.716825052698386,0.14719025466472385,1.1873506702840995,664242.3837364216,0.7624817568670217,31.71437106474706,3.5826972014310483
2025-09-19 21:50:30.129975,2025-09-19 21:50:30.188998,0.6299312558487018,-0.6723955679446332,Microseismic,Low,4,231.3961574568746,-94.95879314589445,-51.761323809741356,263.86842135039706,0.022807888590062022,0.7028497418291304,6185.953457388694,0.8386885656584975,28.951859480258555,0.6324206556540387
2025-09-20 03:15:19.878476,2025-09-20 03:15:19.959889,2.479511471521599,0.5795004317805017,Minor Event,Medium,3,347.91751691550957,65.59510992577641,-56.229275808300976,75.54042911984004,0.03239588916660354,4.221409200078696,466928.7847187458,0.7700256837696101,22.174131841970105,2.4725046990067563
2025-09-22 00:17:05.684742,2025-09-22 00:17:05.747964,0.303562060714959,-0.7859689173611765,Microseismic,Low,1,84.38919803541349,195.40400738849613,-58.514064342603135,321.34847589990875,0.009144897814363912,0.5310033200163549,4178.752254972532,0.7464738767316215,23.052992284849008,0.3029710230407198
2025-09-22 07:04:09.238456,2025-09-22 07:04:09.299511,11.123788084408984,0.7066181127907886,Minor Event,Medium,5,151.89468014633832,-132.77723055888745,-54.222046629229006,45.81281625257452,0.4407806140470063,4.075145812394728,724314.4829690917,0.7453647671404313,29.81622493693272,11.17736274997427
2025-09-22 15:42:20.777950,2025-09-22 15:42:20.812473,10.877436521389129,1.4181890398464572,Moderate Event,High,2,288.3916630556394,164.40687439078582,-47.87893006441295,26.124323951076178,0.33468765757417923,1.9717254553234798,8458309.252579648,0.810751393445056,30.106916477146992,10.93298668118933
2025-09-23 01:20:00.041711,2025-09-23 01:20:00.083289,20.20906623930546,1.2344905808155318,Moderate Event,High,3,333.06175343366044,84.3969242220517,-47.57310513677961,36.11745569211258,0.6440106036871799,1.8132596769950604,4484725.553923947,0.8388952495728025,26.507102577583836,20.23952337512528
2025-09-23 10:34:25.040541,2025-09-23 10:34:25.133854,2.5232331661551752,0.414242141766484,Minor Event,Medium,5,119.10090826455234,-102.83097766686669,-54.346205699574135,24.410056422902176,0.07648475483444542,1.186944413268481,263853.71459081443,0.8974908679652771,19.517987569242994,2.5094007705726145
2025-09-23 20:48:27.080497,2025-09-23 20:48:27.081495,4.508138214278502,0.8774408848971942,Minor Event,Medium,1,121.28228366669427,198.01239339747153,-53.453931546700474,32.1233341112586,0.14093835719270634,1.5289941337585937,1306656.1814856261,0.8538490611672,12.351418946972696,4.4511166626769505
2025-09-24 19:12:03.795487,2025-09-24 19:12:03.836461,0.5618863258183778,-0.7083661079470767,Microseismic,Low,6,36.53906309745976,96.96861764410569,-77.46889333984605,487.22632482030355,0.0071149356740566865,2.1900558839694995,5463.2470269516925,0.8827508448955601,19.61064094311405,0.5588581186593882
2025-09-25 19:44:57.909580,2025-09-25 19:44:57.944632,0.7214723678444493,-0.26924702382893106,Microseismic,Low,3,332.2980058366572,79.14157251073135,-44.52561669201363,239.9779758118559,0.03403295983806022,1.053578115547307,24895.99363387046,0.8577558828296209,30.259899771046662,0.7252672401868909
2025-09-26 10:42:40.566462,2025-09-26 10:42:40.575999,0.22479212308531218,-0.6001865542346365,Microseismic,Low,5,156.3927870412238,-93.23272537107229,-63.29650229600482,403.4007523665563,0.0023794539256592933,0.564475304590055,7938.1658569885985,0.5587779567941141,19.503858748209282,0.22355663382454538
2025-09-29 07:00:19.041371,2025-09-29 07:00:19.067194,1.0809183384404808,0.1392046424837322,Minor Event,Medium,5,135.682551817294,-113.78817482254594,-33.35374943176921,19.865288020342057,0.03129998889638813,2.620360601742857,102048.5794862693,0.9194714558359651,19.95972261444026,1.0754702101836024
2025-09-29 07:18:55.435679,2025-09-29 07:18:55.457170,4.575780115950328,0.6675247934843868,Minor Event,Medium,1,96.86515848435448,179.1941654354478,-47.59575123161214,47.166622900023604,0.12826392742147147,6.464019401041617,632830.1909484604,0.9889939253511064,20.93493939139814,4.557179292447355
2025-09-29 14:46:19.078333,2025-09-29 14:46:19.131205,3.978031396371542,0.9255859137608334,Minor Event,Medium,5,99.73368328804548,-105.97627347859253,-67.25929718772596,67.88704975541751,0.1694545470151061,3.110383222867769,1543045.9913319438,0.929887802812367,32.17367489832172,4.006568500344429
2025-09-30 11:16:15.358181,2025-09-30 11:16:15.361296,1.106094362281045,0.10112934832273385,Minor Event,Medium,6,59.83084241754619,55.2931236570799,-43.35334791498428,90.30232276097826,0.05035464449557801,0.8869464530842719,89473.4168080488,0.8036519838455476,28.78394339993491,1.1102797607429036
2025-09-30 14:19:36.994677,2025-09-30 14:19:37.080479,3.438249765523883,1.0339657194474388,Moderate Event,High,3,314.83613985448056,62.769018703291295,-38.278159077598424,89.71253219426086,0.15117007831740037,1.1417916560179455,2243616.2620192776,0.8442549155755472,22.359830807183478,3.429172204415738
2025-09-30 17:42:32.627279,2025-09-30 17:42:32.628994,2.197909446216266,0.15096578560843804,Minor Event,Medium,3,359.68318237865907,14.972600868642871,-55.27570493809326,42.106392720269305,0.028074190152149472,2.1340032575189016,106279.29831400198,0.7384112468502707,30.272967581135298,2.2094989514724355
2025-10-01 16:49:36.714523,2025-10-01 16:49:36.752436,2.09317739160386,0.19229197894036493,Minor Event,Medium,4,250.58389836653464,-97.17661402616918,-36.815423551521235,72.93451532195151,0.0705951888655356,0.20964745278393493,122585.17980668452,0.7139521011963215,30.855603155169636,2.105434207742465
2025-10-03 23:16:33.013788,2025-10-03 23:16:33.107957,1.651453123433775,0.4087502272861129,Minor Event,Medium,1,74.46454095737826,173.76634499066432,-41.32367916093864,19.839624025229085,0.05852355679655644,1.929095084921282,258896.00023099408,0.9238490157380801,23.32431109414274,1.6486858017562938
2025-10-04 11:02:46.970672,2025-10-04 11:02:46.972586,2.48632421617116,0.6746603463060743,Minor Event,Medium,3,366.9303618345468,59.99532876992045,-49.802611762975104,43.17928398961936,0.0401482726269974,1.8001037184423037,648620.274173883,0.9131430821153199,28.8263821918238,2.4958378428750176
2025-10-06 05:53:29.922066,2025-10-06 05:53:29.957558,0.6256760825830101,-0.09680349073014341,Microseismic,Low,4,277.0198960127227,-83.79838696181629,-58.778741029687254,338.71056798467583,0.018809717587569837,7.575045157187498,45164.24596442269,0.5394854768123182,23.72971900910574,0.6248812981488477
2025-10-06 11:48:52.878671,2025-10-06 11:48:52.900294,1.1257354104630481,0.24264813659917028,Minor Event,Medium,1,123.84993118062943,197.5977271357726,-51.82420997152417,11.366571086364948,0.05517648621300557,3.496253106181459,145872.0898295782,0.8712509042641002,24.111530114433,1.1247352284517353
2025-10-06 23:54:09.014900,2025-10-06 23:54:09.037837,0.20682600431023804,-1.0834167513210566,Background Noise,Low,4,275.3817949263689,-75.36031057460728,-73.37388596069884,197.79557484309282,0.0034417652595964566,0.34305097668681894,1495.8046294722628,0.9452564049529654,22.756417156674505,0.20636197303541404
2025-10-07 08:19:52.580968,2025-10-07 08:19:52.616338,6.101418039645078,0.5879098109364801,Minor Event,Medium,4,291.9005893167113,-111.14846106216642,-52.12997822143434,87.14259757652331,0.0988247439247799,0.27272172767807923,480689.58936224086,0.6807396577809804,16.070667540329445,6.046936449493656
2025-10-07 16:29:16.135243,2025-10-07 16:29:16.148958,2.055669158641376,-0.04296799380851424,Microseismic,Low,3,403.86067327960995,46.785251173762724,-29.641526951323815,493.6937996937736,0.05309447784831097,2.6118410802252865,54393.625808580735,0.9256957241831466,26.090377543263617,2.057910614128338
2025-10-08 11:39:31.388967,2025-10-08 11:39:31.455387,1.6906901842797486,-0.07269001433048383,Microseismic,Low,5,96.31279655375954,-129.98768597182743,-34.973035116520634,297.02762830131906,0.04958326755624686,3.74316461721973,49086.82909503337,0.847913515077577,30.2721582748663,1.6996037705250342
2025-10-08 20:04:46.486049,2025-10-08 20:04:46.531448,0.914046905133711,-0.3426123016128975,Microseismic,Low,1,106.8989000309257,200.85864490428827,-36.55323879897867,394.49592405353326,0.027892947701303544,4.17439055064542,19323.31117238883,0.8492584614649544,21.65134083755803,0.9109860735899332
2025-10-09 00:55:53.600647,2025-10-09 00:55:53.686117,1.01889387204224,-0.32656876360120113,Microseismic,Low,3,337.84249478648366,39.21754593702043,-45.482687949250774,470.84951274577975,0.0497190264406399,1.7938114009570276,20424.28465314379,0.7295913411545362,22.43401817743302,1.0162794088874547
2025-10-09 11:55:20.118254,2025-10-09 11:55:20.126956,6.791489267757202,1.1278914058789928,Moderate Event,High,6,53.882152619067156,82.70804964967223,-71.68438753902629,54.58553533046357,0.2279041989943739,2.8860432532112292,3103395.376804831,0.71233091226896,21.162894999641626,6.7654296103280105
2025-10-10 16:17:31.806088,2025-10-10 16:17:31.861522,0.5759919004324315,-0.5400783086302225,Microseismic,Low,2,302.8418449124069,191.49402523330699,-37.57847195623543,346.1014613129656,0.023279848781164736,1.5386626854916878,9769.72944882724,0.8812211222429873,28.0365368168002,0.5777409210442733
2025-10-16 00:54:34.135521,2025-10-16 00:54:34.183090,6.405648426429163,0.3520155991950985,Minor Event,Medium,1,115.00556288399028,248.20097298814267,-47.78508376721606,91.50754313537007,0.1946943056237112,1.4914034597919055,212825.3708332352,0.39041591052564745,24.77243877349379,6.404190749216677
2025-10-17 13:29:18.004282,2025-10-17 13:29:18.028030,0.9909575311833425,-0.45433058405070287,Microseismic,Low,1,102.62380180687767,201.7285703415687,-41.18928426377387,179.9365085127758,0.012110493289090623,1.7808128483220536,13137.239696108805,0.8620884712720731,17.863332052422674,0.983885396333136
2025-10-17 17:58:29.836274,2025-10-17 17:58:29.919781,1.2990479998776805,-0.06832522888038589,Microseismic,Low,5,132.65935301201617,-118.0386492092211,-39.04128218136986,410.0976207339797,0.02517168427138014,0.9464958145330454,49832.44047668025,0.8256720383765255,19.1386977355425,1.2914338868943585
2025-10-18 02:35:47.469251,2025-10-18 02:35:47.554062,6.529008141000699,1.2620086730255378,Moderate Event,High,3,306.11503512908934,51.85715247943403,-42.518783078967274,48.2838198615389,0.24238651032301503,1.6662375677263095,4931885.774781088,0.6967319193667275,23.481201092401125,6.519091890568443
2025-10-18 09:36:04.103873,2025-10-18 09:36:04.118099,4.5733521157219466,0.24922435512352092,Minor Event,Medium,1,90.9107811743004,212.80959590401648,-51.905031059978114,10.87180376547615,0.06262940982311424,0.4553630509121296,149223.26313739773,0.706646096351499,16.754832823253466,4.535644062969692
2025-10-19 16:35:12.082947,2025-10-19 16:35:12.130043,1.6683860663406105,0.38421018678092367,Minor Event,Medium,2,273.72769707841866,197.07617124618136,-50.555421615754355,15.90570808887161,0.07951747620419354,3.166863676167897,237856.64026966275,0.8199716194745958,27.876694320577922,1.673185503062184
2025-10-20 10:07:21.935366,2025-10-20 10:07:22.020979,7.578277867716537,0.6746428744845694,Minor Event,Medium,1,85.85767990735442,233.4032517469785,-54.35818977166231,94.32097652927207,0.25881243389836894,4.077528338797531,648581.1340183021,0.7444819441758691,26.597006167977902,7.590380424213931
2025-10-21 05:23:55.063916,2025-10-21 05:23:55.077625,1.9254912264933433,0.5184246749016658,Minor Event,Medium,1,118.22725444349443,202.1150758254296,-37.36293322345331,67.57282871927785,0.09100294484491998,3.540526860311973,378126.4107898301,0.6646362580479048,26.443618314125118,1.9282709008915961
2025-10-22 04:04:19.330125,2025-10-22 04:04:19.362804,1.422974330133198,0.23005444679529952,Minor Event,Medium,5,121.86744748553302,-89.67211889492854,-45.978816796075165,8.082127374482761,0.05172327492991224,1.6198216883766328,139663.09764052348,0.598389116887482,24.67012689554595,1.4225049291733585
2025-10-23 17:57:19.324140,2025-10-23 17:57:19.358892,2.8314435399711706,0.0023574330260425214,Minor Event,Medium,4,280.46659017294354,-109.35198680989993,-58.76497268409642,70.43244137707971,0.12999084427749735,2.834391770180574,63611.575124839175,0.8172416212302116,25.94848465608831,2.834129120723414
2025-10-24 03:13:56.013293,2025-10-24 03:13:56.018472,0.3980546620783059,-0.06546633259506779,Microseismic,Low,6,53.94652701229756,82.65837283500548,-46.64520778177108,173.06895369586726,0.0062032658197198375,1.8182733689990946,50326.937226388436,0.783860773771621,24.289961934852364,0.3977720281162208
2025-10-24 04:24:12.253339,2025-10-24 04:24:12.313507,0.6632372184461169,0.2587778341630995,Minor Event,Medium,2,277.0535606470332,173.75156417009902,-43.39422650384359,58.407937051129885,0.025594411182218415,0.2418117986726342,154229.25162628377,0.7933903880235391,20.464959208086704,0.6602294106057487
2025-10-24 11:34:34.691595,2025-10-24 11:34:34.757773,1.2715763263596485,0.1550058132580778,Minor Event,Medium,2,287.3942711186972,188.06600780490564,-40.72382718415218,63.12394690980604,0.031710974540463226,0.6896453419404587,107772.68923816444,0.8907379915729731,22.222266102565666,1.2680442256947442
2025-10-26 17:34:27.522616,2025-10-26 17:34:27.562142,2.1070035884379585,0.005444142473054414,Minor Event,Medium,3,341.2348176524288,39.23681997586543,-21.488340580532917,14.094260200717743,0.04784539059476289,7.026652373756135,64293.37346128163,0.7232330567302316,22.51644588034796,2.1017707309957716
